Dataset,Instancia,Algoritmo,Runs,Gap media + DP,Tempo media + DP
a,instance_0001,simple_asc_exact,5,0.8429 +- 0.0000,0.0191 +- 0.0042
a,instance_0001,simple_asc_multi,10,0.8429 +- 0.0000,0.0033 +- 0.0027
a,instance_0001,simple_asc_simple,10,0.8625 +- 0.0000,0.0109 +- 0.0076
a,instance_0001,simple_desc_exact,5,0.7167 +- 0.0000,0.0191 +- 0.0038
a,instance_0001,simple_desc_multi,10,0.7167 +- 0.0000,0.0014 +- 0.0012
a,instance_0001,simple_desc_simple,10,0.7333 +- 0.0000,0.0040 +- 0.0032
a,instance_0001,simple_diff_exact_bigger,5,0.7939 +- 0.0000,0.0250 +- 0.0108
a,instance_0001,simple_diff_exact_most_shared,5,0.7939 +- 0.0000,0.0203 +- 0.0020
a,instance_0001,simple_diff_exact_random,5,0.8008 +- 0.0094,0.0189 +- 0.0031
a,instance_0001,simple_diff_exact_smaller,5,0.7939 +- 0.0000,0.0289 +- 0.0097
a,instance_0001,simple_diff_multi_bigger,10,0.8029 +- 0.0000,0.0031 +- 0.0027
a,instance_0001,simple_diff_multi_most_shared,10,0.8029 +- 0.0000,0.0032 +- 0.0025
a,instance_0001,simple_diff_multi_random,10,0.8077 +- 0.0067,0.0034 +- 0.0030
a,instance_0001,simple_diff_multi_smaller,10,0.8029 +- 0.0000,0.0025 +- 0.0028
a,instance_0001,simple_diff_simple_bigger,10,0.8111 +- 0.0000,0.0060 +- 0.0054
a,instance_0001,simple_diff_simple_most_shared,10,0.8111 +- 0.0000,0.0076 +- 0.0066
a,instance_0001,simple_diff_simple_random,10,0.8170 +- 0.0058,0.0089 +- 0.0064
a,instance_0001,simple_diff_simple_smaller,10,0.8111 +- 0.0000,0.0105 +- 0.0094
a,instance_0001,simple_diff_weighted_exact_bigger,5,0.7939 +- 0.0000,0.0250 +- 0.0061
a,instance_0001,simple_diff_weighted_exact_most_shared,5,0.7939 +- 0.0000,0.0323 +- 0.0087
a,instance_0001,simple_diff_weighted_exact_random,5,0.8008 +- 0.0094,0.0312 +- 0.0075
a,instance_0001,simple_diff_weighted_exact_smaller,5,0.7939 +- 0.0000,0.0265 +- 0.0095
a,instance_0001,simple_diff_weighted_multi_bigger,10,0.8029 +- 0.0000,0.0027 +- 0.0020
a,instance_0001,simple_diff_weighted_multi_most_shared,10,0.8029 +- 0.0000,0.0037 +- 0.0038
a,instance_0001,simple_diff_weighted_multi_random,10,0.8077 +- 0.0067,0.0032 +- 0.0027
a,instance_0001,simple_diff_weighted_multi_smaller,10,0.8029 +- 0.0000,0.0031 +- 0.0025
a,instance_0001,simple_diff_weighted_simple_bigger,10,0.8111 +- 0.0000,0.0065 +- 0.0064
a,instance_0001,simple_diff_weighted_simple_most_shared,10,0.8111 +- 0.0000,0.0086 +- 0.0065
a,instance_0001,simple_diff_weighted_simple_random,10,0.8170 +- 0.0058,0.0109 +- 0.0092
a,instance_0001,simple_diff_weighted_simple_smaller,10,0.8111 +- 0.0000,0.0065 +- 0.0042
a,instance_0001,simple_random_exact,5,0.7739 +- 0.0244,0.0218 +- 0.0046
a,instance_0001,simple_random_multi,10,0.7882 +- 0.0237,0.0026 +- 0.0018
a,instance_0001,simple_random_simple,10,0.7928 +- 0.0292,0.0060 +- 0.0021
a,instance_0001,simple_similar_exact_bigger,5,0.7333 +- 0.0000,0.0268 +- 0.0022
a,instance_0001,simple_similar_exact_most_shared,5,0.7841 +- 0.0000,0.0257 +- 0.0072
a,instance_0001,simple_similar_exact_random,5,0.7978 +- 0.0112,0.0286 +- 0.0077
a,instance_0001,simple_similar_exact_smaller,5,0.7841 +- 0.0000,0.0305 +- 0.0061
a,instance_0001,simple_similar_multi_bigger,10,0.7481 +- 0.0000,0.0021 +- 0.0017
a,instance_0001,simple_similar_multi_most_shared,10,0.7939 +- 0.0000,0.0029 +- 0.0026
a,instance_0001,simple_similar_multi_random,10,0.8048 +- 0.0095,0.0019 +- 0.0016
a,instance_0001,simple_similar_multi_smaller,10,0.7939 +- 0.0000,0.0024 +- 0.0021
a,instance_0001,simple_similar_simple_bigger,10,0.7733 +- 0.0000,0.0059 +- 0.0040
a,instance_0001,simple_similar_simple_most_shared,10,0.8029 +- 0.0000,0.0076 +- 0.0062
a,instance_0001,simple_similar_simple_random,10,0.8157 +- 0.0113,0.0073 +- 0.0058
a,instance_0001,simple_similar_simple_smaller,10,0.8029 +- 0.0000,0.0054 +- 0.0043
a,instance_0001,simple_similar_weighted_exact_bigger,5,0.7333 +- 0.0000,0.0281 +- 0.0096
a,instance_0001,simple_similar_weighted_exact_most_shared,5,0.7841 +- 0.0000,0.0279 +- 0.0089
a,instance_0001,simple_similar_weighted_exact_random,5,0.7978 +- 0.0112,0.0266 +- 0.0079
a,instance_0001,simple_similar_weighted_exact_smaller,5,0.7841 +- 0.0000,0.0283 +- 0.0085
a,instance_0001,simple_similar_weighted_multi_bigger,10,0.7481 +- 0.0000,0.0019 +- 0.0013
a,instance_0001,simple_similar_weighted_multi_most_shared,10,0.7939 +- 0.0000,0.0029 +- 0.0025
a,instance_0001,simple_similar_weighted_multi_random,10,0.8048 +- 0.0095,0.0031 +- 0.0025
a,instance_0001,simple_similar_weighted_multi_smaller,10,0.7939 +- 0.0000,0.0026 +- 0.0022
a,instance_0001,simple_similar_weighted_simple_bigger,10,0.7733 +- 0.0000,0.0057 +- 0.0050
a,instance_0001,simple_similar_weighted_simple_most_shared,10,0.8029 +- 0.0000,0.0088 +- 0.0078
a,instance_0001,simple_similar_weighted_simple_random,10,0.8157 +- 0.0113,0.0078 +- 0.0062
a,instance_0001,simple_similar_weighted_simple_smaller,10,0.8029 +- 0.0000,0.0059 +- 0.0051
a,instance_0002,simple_asc_exact,5,0.5000 +- 0.0000,0.0212 +- 0.0047
a,instance_0002,simple_asc_multi,10,0.5000 +- 0.0000,0.0001 +- 0.0001
a,instance_0002,simple_asc_simple,10,0.5000 +- 0.0000,0.0001 +- 0.0000
a,instance_0002,simple_desc_exact,5,0.0000 +- 0.0000,0.0215 +- 0.0105
a,instance_0002,simple_desc_multi,10,0.0000 +- 0.0000,0.0001 +- 0.0000
a,instance_0002,simple_desc_simple,10,0.0000 +- 0.0000,0.0001 +- 0.0000
a,instance_0002,simple_diff_exact_bigger,5,0.0000 +- 0.0000,0.0156 +- 0.0062
a,instance_0002,simple_diff_exact_most_shared,5,0.0000 +- 0.0000,0.0148 +- 0.0023
a,instance_0002,simple_diff_exact_random,5,0.1000 +- 0.2236,0.0151 +- 0.0042
a,instance_0002,simple_diff_exact_smaller,5,0.0000 +- 0.0000,0.0178 +- 0.0017
a,instance_0002,simple_diff_multi_bigger,10,0.0000 +- 0.0000,0.0001 +- 0.0001
a,instance_0002,simple_diff_multi_most_shared,10,0.0000 +- 0.0000,0.0001 +- 0.0001
a,instance_0002,simple_diff_multi_random,10,0.1000 +- 0.2108,0.0001 +- 0.0001
a,instance_0002,simple_diff_multi_smaller,10,0.0000 +- 0.0000,0.0001 +- 0.0001
a,instance_0002,simple_diff_simple_bigger,10,0.0000 +- 0.0000,0.0001 +- 0.0001
a,instance_0002,simple_diff_simple_most_shared,10,0.0000 +- 0.0000,0.0001 +- 0.0001
a,instance_0002,simple_diff_simple_random,10,0.1000 +- 0.2108,0.0005 +- 0.0013
a,instance_0002,simple_diff_simple_smaller,10,0.0000 +- 0.0000,0.0004 +- 0.0010
a,instance_0002,simple_diff_weighted_exact_bigger,5,0.0000 +- 0.0000,0.0163 +- 0.0030
a,instance_0002,simple_diff_weighted_exact_most_shared,5,0.0000 +- 0.0000,0.0146 +- 0.0010
a,instance_0002,simple_diff_weighted_exact_random,5,0.1000 +- 0.2236,0.0155 +- 0.0019
a,instance_0002,simple_diff_weighted_exact_smaller,5,0.0000 +- 0.0000,0.0161 +- 0.0025
a,instance_0002,simple_diff_weighted_multi_bigger,10,0.0000 +- 0.0000,0.0001 +- 0.0000
a,instance_0002,simple_diff_weighted_multi_most_shared,10,0.0000 +- 0.0000,0.0001 +- 0.0000
a,instance_0002,simple_diff_weighted_multi_random,10,0.1000 +- 0.2108,0.0001 +- 0.0000
a,instance_0002,simple_diff_weighted_multi_smaller,10,0.0000 +- 0.0000,0.0004 +- 0.0006
a,instance_0002,simple_diff_weighted_simple_bigger,10,0.0000 +- 0.0000,0.0001 +- 0.0001
a,instance_0002,simple_diff_weighted_simple_most_shared,10,0.0000 +- 0.0000,0.0002 +- 0.0001
a,instance_0002,simple_diff_weighted_simple_random,10,0.1000 +- 0.2108,0.0003 +- 0.0003
a,instance_0002,simple_diff_weighted_simple_smaller,10,0.0000 +- 0.0000,0.0002 +- 0.0001
a,instance_0002,simple_random_exact,5,0.4000 +- 0.2236,0.0202 +- 0.0052
a,instance_0002,simple_random_multi,10,0.4000 +- 0.2108,0.0002 +- 0.0001
a,instance_0002,simple_random_simple,10,0.4000 +- 0.2108,0.0005 +- 0.0011
a,instance_0002,simple_similar_exact_bigger,5,0.0000 +- 0.0000,0.0126 +- 0.0055
a,instance_0002,simple_similar_exact_most_shared,5,0.5000 +- 0.0000,0.0155 +- 0.0052
a,instance_0002,simple_similar_exact_random,5,0.3000 +- 0.2739,0.0141 +- 0.0013
a,instance_0002,simple_similar_exact_smaller,5,0.5000 +- 0.0000,0.0123 +- 0.0042
a,instance_0002,simple_similar_multi_bigger,10,0.0000 +- 0.0000,0.0001 +- 0.0001
a,instance_0002,simple_similar_multi_most_shared,10,0.5000 +- 0.0000,0.0001 +- 0.0001
a,instance_0002,simple_similar_multi_random,10,0.3000 +- 0.2582,0.0001 +- 0.0001
a,instance_0002,simple_similar_multi_smaller,10,0.5000 +- 0.0000,0.0002 +- 0.0004
a,instance_0002,simple_similar_simple_bigger,10,0.0000 +- 0.0000,0.0001 +- 0.0001
a,instance_0002,simple_similar_simple_most_shared,10,0.5000 +- 0.0000,0.0002 +- 0.0001
a,instance_0002,simple_similar_simple_random,10,0.3000 +- 0.2582,0.0001 +- 0.0001
a,instance_0002,simple_similar_simple_smaller,10,0.5000 +- 0.0000,0.0001 +- 0.0001
a,instance_0002,simple_similar_weighted_exact_bigger,5,0.0000 +- 0.0000,0.0190 +- 0.0053
a,instance_0002,simple_similar_weighted_exact_most_shared,5,0.5000 +- 0.0000,0.0198 +- 0.0069
a,instance_0002,simple_similar_weighted_exact_random,5,0.3000 +- 0.2739,0.0156 +- 0.0018
a,instance_0002,simple_similar_weighted_exact_smaller,5,0.5000 +- 0.0000,0.0211 +- 0.0052
a,instance_0002,simple_similar_weighted_multi_bigger,10,0.0000 +- 0.0000,0.0001 +- 0.0000
a,instance_0002,simple_similar_weighted_multi_most_shared,10,0.5000 +- 0.0000,0.0006 +- 0.0013
a,instance_0002,simple_similar_weighted_multi_random,10,0.3000 +- 0.2582,0.0001 +- 0.0000
a,instance_0002,simple_similar_weighted_multi_smaller,10,0.5000 +- 0.0000,0.0002 +- 0.0003
a,instance_0002,simple_similar_weighted_simple_bigger,10,0.0000 +- 0.0000,0.0001 +- 0.0000
a,instance_0002,simple_similar_weighted_simple_most_shared,10,0.5000 +- 0.0000,0.0002 +- 0.0001
a,instance_0002,simple_similar_weighted_simple_random,10,0.3000 +- 0.2582,0.0003 +- 0.0004
a,instance_0002,simple_similar_weighted_simple_smaller,10,0.5000 +- 0.0000,0.0001 +- 0.0001
a,instance_0003,simple_asc_exact,5,0.7593 +- 0.0000,0.0195 +- 0.0057
a,instance_0003,simple_asc_multi,10,0.7719 +- 0.0000,0.0054 +- 0.0028
a,instance_0003,simple_asc_simple,10,0.7886 +- 0.0000,0.0153 +- 0.0112
a,instance_0003,simple_desc_exact,5,0.5794 +- 0.0000,0.0167 +- 0.0025
a,instance_0003,simple_desc_multi,10,0.5794 +- 0.0000,0.0029 +- 0.0023
a,instance_0003,simple_desc_simple,10,0.6159 +- 0.0000,0.0071 +- 0.0049
a,instance_0003,simple_diff_exact_bigger,5,0.7240 +- 0.0000,0.0169 +- 0.0026
a,instance_0003,simple_diff_exact_most_shared,5,0.7426 +- 0.0000,0.0178 +- 0.0011
a,instance_0003,simple_diff_exact_random,5,0.7300 +- 0.0056,0.0161 +- 0.0044
a,instance_0003,simple_diff_exact_smaller,5,0.7402 +- 0.0000,0.0203 +- 0.0028
a,instance_0003,simple_diff_multi_bigger,10,0.7323 +- 0.0000,0.0037 +- 0.0014
a,instance_0003,simple_diff_multi_most_shared,10,0.7569 +- 0.0000,0.0037 +- 0.0016
a,instance_0003,simple_diff_multi_random,10,0.7380 +- 0.0050,0.0047 +- 0.0016
a,instance_0003,simple_diff_multi_smaller,10,0.7546 +- 0.0000,0.0045 +- 0.0017
a,instance_0003,simple_diff_simple_bigger,10,0.7675 +- 0.0000,0.0113 +- 0.0092
a,instance_0003,simple_diff_simple_most_shared,10,0.7866 +- 0.0000,0.0111 +- 0.0069
a,instance_0003,simple_diff_simple_random,10,0.7695 +- 0.0053,0.0109 +- 0.0075
a,instance_0003,simple_diff_simple_smaller,10,0.7792 +- 0.0000,0.0124 +- 0.0091
a,instance_0003,simple_diff_weighted_exact_bigger,5,0.7240 +- 0.0000,0.0208 +- 0.0083
a,instance_0003,simple_diff_weighted_exact_most_shared,5,0.7426 +- 0.0000,0.0194 +- 0.0018
a,instance_0003,simple_diff_weighted_exact_random,5,0.7300 +- 0.0056,0.0169 +- 0.0048
a,instance_0003,simple_diff_weighted_exact_smaller,5,0.7402 +- 0.0000,0.0166 +- 0.0028
a,instance_0003,simple_diff_weighted_multi_bigger,10,0.7323 +- 0.0000,0.0050 +- 0.0038
a,instance_0003,simple_diff_weighted_multi_most_shared,10,0.7569 +- 0.0000,0.0035 +- 0.0020
a,instance_0003,simple_diff_weighted_multi_random,10,0.7380 +- 0.0050,0.0033 +- 0.0022
a,instance_0003,simple_diff_weighted_multi_smaller,10,0.7546 +- 0.0000,0.0038 +- 0.0013
a,instance_0003,simple_diff_weighted_simple_bigger,10,0.7675 +- 0.0000,0.0098 +- 0.0065
a,instance_0003,simple_diff_weighted_simple_most_shared,10,0.7866 +- 0.0000,0.0104 +- 0.0082
a,instance_0003,simple_diff_weighted_simple_random,10,0.7695 +- 0.0053,0.0132 +- 0.0092
a,instance_0003,simple_diff_weighted_simple_smaller,10,0.7792 +- 0.0000,0.0127 +- 0.0064
a,instance_0003,simple_random_exact,5,0.7129 +- 0.0105,0.0206 +- 0.0026
a,instance_0003,simple_random_multi,10,0.7236 +- 0.0103,0.0038 +- 0.0029
a,instance_0003,simple_random_simple,10,0.7471 +- 0.0123,0.0116 +- 0.0089
a,instance_0003,simple_similar_exact_bigger,5,0.7240 +- 0.0000,0.0203 +- 0.0040
a,instance_0003,simple_similar_exact_most_shared,5,0.7266 +- 0.0000,0.0189 +- 0.0023
a,instance_0003,simple_similar_exact_random,5,0.7262 +- 0.0036,0.0185 +- 0.0070
a,instance_0003,simple_similar_exact_smaller,5,0.7266 +- 0.0000,0.0197 +- 0.0047
a,instance_0003,simple_similar_multi_bigger,10,0.7323 +- 0.0000,0.0034 +- 0.0019
a,instance_0003,simple_similar_multi_most_shared,10,0.7426 +- 0.0000,0.0035 +- 0.0015
a,instance_0003,simple_similar_multi_random,10,0.7388 +- 0.0093,0.0037 +- 0.0021
a,instance_0003,simple_similar_multi_smaller,10,0.7426 +- 0.0000,0.0031 +- 0.0016
a,instance_0003,simple_similar_simple_bigger,10,0.7613 +- 0.0000,0.0107 +- 0.0078
a,instance_0003,simple_similar_simple_most_shared,10,0.7756 +- 0.0000,0.0121 +- 0.0101
a,instance_0003,simple_similar_simple_random,10,0.7664 +- 0.0099,0.0112 +- 0.0085
a,instance_0003,simple_similar_simple_smaller,10,0.7756 +- 0.0000,0.0125 +- 0.0096
a,instance_0003,simple_similar_weighted_exact_bigger,5,0.7240 +- 0.0000,0.0166 +- 0.0032
a,instance_0003,simple_similar_weighted_exact_most_shared,5,0.7266 +- 0.0000,0.0172 +- 0.0037
a,instance_0003,simple_similar_weighted_exact_random,5,0.7262 +- 0.0036,0.0155 +- 0.0023
a,instance_0003,simple_similar_weighted_exact_smaller,5,0.7266 +- 0.0000,0.0202 +- 0.0072
a,instance_0003,simple_similar_weighted_multi_bigger,10,0.7323 +- 0.0000,0.0030 +- 0.0019
a,instance_0003,simple_similar_weighted_multi_most_shared,10,0.7426 +- 0.0000,0.0038 +- 0.0030
a,instance_0003,simple_similar_weighted_multi_random,10,0.7388 +- 0.0093,0.0034 +- 0.0016
a,instance_0003,simple_similar_weighted_multi_smaller,10,0.7426 +- 0.0000,0.0040 +- 0.0019
a,instance_0003,simple_similar_weighted_simple_bigger,10,0.7613 +- 0.0000,0.0110 +- 0.0051
a,instance_0003,simple_similar_weighted_simple_most_shared,10,0.7756 +- 0.0000,0.0126 +- 0.0088
a,instance_0003,simple_similar_weighted_simple_random,10,0.7664 +- 0.0099,0.0115 +- 0.0049
a,instance_0003,simple_similar_weighted_simple_smaller,10,0.7756 +- 0.0000,0.0143 +- 0.0097
a,instance_0004,simple_asc_exact,5,0.5102 +- 0.0000,0.0150 +- 0.0037
a,instance_0004,simple_asc_multi,10,0.5325 +- 0.0000,0.0005 +- 0.0003
a,instance_0004,simple_asc_simple,10,0.5102 +- 0.0000,0.0021 +- 0.0018
a,instance_0004,simple_desc_exact,5,0.3985 +- 0.0000,0.0143 +- 0.0023
a,instance_0004,simple_desc_multi,10,0.3985 +- 0.0000,0.0008 +- 0.0009
a,instance_0004,simple_desc_simple,10,0.3985 +- 0.0000,0.0016 +- 0.0015
a,instance_0004,simple_diff_exact_bigger,5,0.3985 +- 0.0000,0.0159 +- 0.0032
a,instance_0004,simple_diff_exact_most_shared,5,0.5195 +- 0.0000,0.0165 +- 0.0034
a,instance_0004,simple_diff_exact_random,5,0.4723 +- 0.0453,0.0128 +- 0.0005
a,instance_0004,simple_diff_exact_smaller,5,0.5155 +- 0.0000,0.0174 +- 0.0039
a,instance_0004,simple_diff_multi_bigger,10,0.3985 +- 0.0000,0.0009 +- 0.0012
a,instance_0004,simple_diff_multi_most_shared,10,0.5404 +- 0.0000,0.0006 +- 0.0004
a,instance_0004,simple_diff_multi_random,10,0.4810 +- 0.0497,0.0008 +- 0.0006
a,instance_0004,simple_diff_multi_smaller,10,0.5155 +- 0.0000,0.0013 +- 0.0013
a,instance_0004,simple_diff_simple_bigger,10,0.4286 +- 0.0000,0.0024 +- 0.0019
a,instance_0004,simple_diff_simple_most_shared,10,0.5595 +- 0.0000,0.0017 +- 0.0013
a,instance_0004,simple_diff_simple_random,10,0.5164 +- 0.0486,0.0025 +- 0.0024
a,instance_0004,simple_diff_simple_smaller,10,0.5543 +- 0.0000,0.0025 +- 0.0029
a,instance_0004,simple_diff_weighted_exact_bigger,5,0.3985 +- 0.0000,0.0163 +- 0.0055
a,instance_0004,simple_diff_weighted_exact_most_shared,5,0.5195 +- 0.0000,0.0159 +- 0.0037
a,instance_0004,simple_diff_weighted_exact_random,5,0.4723 +- 0.0453,0.0167 +- 0.0026
a,instance_0004,simple_diff_weighted_exact_smaller,5,0.5155 +- 0.0000,0.0133 +- 0.0017
a,instance_0004,simple_diff_weighted_multi_bigger,10,0.3985 +- 0.0000,0.0008 +- 0.0007
a,instance_0004,simple_diff_weighted_multi_most_shared,10,0.5404 +- 0.0000,0.0009 +- 0.0011
a,instance_0004,simple_diff_weighted_multi_random,10,0.4810 +- 0.0497,0.0014 +- 0.0024
a,instance_0004,simple_diff_weighted_multi_smaller,10,0.5155 +- 0.0000,0.0010 +- 0.0013
a,instance_0004,simple_diff_weighted_simple_bigger,10,0.4286 +- 0.0000,0.0023 +- 0.0021
a,instance_0004,simple_diff_weighted_simple_most_shared,10,0.5595 +- 0.0000,0.0018 +- 0.0014
a,instance_0004,simple_diff_weighted_simple_random,10,0.5164 +- 0.0486,0.0028 +- 0.0020
a,instance_0004,simple_diff_weighted_simple_smaller,10,0.5543 +- 0.0000,0.0038 +- 0.0034
a,instance_0004,simple_random_exact,5,0.4204 +- 0.0614,0.0135 +- 0.0020
a,instance_0004,simple_random_multi,10,0.4252 +- 0.0631,0.0005 +- 0.0003
a,instance_0004,simple_random_simple,10,0.4716 +- 0.0396,0.0018 +- 0.0014
a,instance_0004,simple_similar_exact_bigger,5,0.4694 +- 0.0000,0.0187 +- 0.0027
a,instance_0004,simple_similar_exact_most_shared,5,0.4694 +- 0.0000,0.0156 +- 0.0042
a,instance_0004,simple_similar_exact_random,5,0.4716 +- 0.0050,0.0149 +- 0.0027
a,instance_0004,simple_similar_exact_smaller,5,0.4694 +- 0.0000,0.0162 +- 0.0025
a,instance_0004,simple_similar_multi_bigger,10,0.4694 +- 0.0000,0.0005 +- 0.0003
a,instance_0004,simple_similar_multi_most_shared,10,0.4694 +- 0.0000,0.0006 +- 0.0004
a,instance_0004,simple_similar_multi_random,10,0.4716 +- 0.0047,0.0006 +- 0.0004
a,instance_0004,simple_similar_multi_smaller,10,0.4694 +- 0.0000,0.0008 +- 0.0005
a,instance_0004,simple_similar_simple_bigger,10,0.5155 +- 0.0000,0.0023 +- 0.0016
a,instance_0004,simple_similar_simple_most_shared,10,0.5155 +- 0.0000,0.0019 +- 0.0013
a,instance_0004,simple_similar_simple_random,10,0.5172 +- 0.0035,0.0024 +- 0.0017
a,instance_0004,simple_similar_simple_smaller,10,0.5155 +- 0.0000,0.0019 +- 0.0012
a,instance_0004,simple_similar_weighted_exact_bigger,5,0.4694 +- 0.0000,0.0149 +- 0.0017
a,instance_0004,simple_similar_weighted_exact_most_shared,5,0.4694 +- 0.0000,0.0168 +- 0.0019
a,instance_0004,simple_similar_weighted_exact_random,5,0.4716 +- 0.0050,0.0143 +- 0.0019
a,instance_0004,simple_similar_weighted_exact_smaller,5,0.4694 +- 0.0000,0.0172 +- 0.0013
a,instance_0004,simple_similar_weighted_multi_bigger,10,0.4694 +- 0.0000,0.0007 +- 0.0005
a,instance_0004,simple_similar_weighted_multi_most_shared,10,0.4694 +- 0.0000,0.0008 +- 0.0007
a,instance_0004,simple_similar_weighted_multi_random,10,0.4716 +- 0.0047,0.0007 +- 0.0007
a,instance_0004,simple_similar_weighted_multi_smaller,10,0.4694 +- 0.0000,0.0005 +- 0.0003
a,instance_0004,simple_similar_weighted_simple_bigger,10,0.5155 +- 0.0000,0.0026 +- 0.0020
a,instance_0004,simple_similar_weighted_simple_most_shared,10,0.5155 +- 0.0000,0.0026 +- 0.0029
a,instance_0004,simple_similar_weighted_simple_random,10,0.5172 +- 0.0035,0.0020 +- 0.0014
a,instance_0004,simple_similar_weighted_simple_smaller,10,0.5155 +- 0.0000,0.0027 +- 0.0014
a,instance_0005,simple_asc_exact,5,0.8248 +- 0.0000,0.1046 +- 0.0074
a,instance_0005,simple_asc_multi,10,0.8248 +- 0.0000,0.2190 +- 0.0850
a,instance_0005,simple_asc_simple,10,0.8248 +- 0.0000,1.0427 +- 0.5666
a,instance_0005,simple_desc_exact,5,0.8023 +- 0.0000,0.0813 +- 0.0189
a,instance_0005,simple_desc_multi,10,0.8023 +- 0.0000,0.1762 +- 0.0981
a,instance_0005,simple_desc_simple,10,0.8070 +- 0.0000,0.5029 +- 0.2939
a,instance_0005,simple_diff_exact_bigger,5,0.8210 +- 0.0000,0.1117 +- 0.0110
a,instance_0005,simple_diff_exact_most_shared,5,0.8210 +- 0.0000,0.1274 +- 0.0162
a,instance_0005,simple_diff_exact_random,5,0.8210 +- 0.0000,0.1049 +- 0.0046
a,instance_0005,simple_diff_exact_smaller,5,0.8210 +- 0.0000,0.1144 +- 0.0301
a,instance_0005,simple_diff_multi_bigger,10,0.8210 +- 0.0000,0.1964 +- 0.1012
a,instance_0005,simple_diff_multi_most_shared,10,0.8210 +- 0.0000,0.2024 +- 0.1053
a,instance_0005,simple_diff_multi_random,10,0.8210 +- 0.0000,0.1979 +- 0.0891
a,instance_0005,simple_diff_multi_smaller,10,0.8210 +- 0.0000,0.1875 +- 0.1030
a,instance_0005,simple_diff_simple_bigger,10,0.8223 +- 0.0000,0.7225 +- 0.4628
a,instance_0005,simple_diff_simple_most_shared,10,0.8222 +- 0.0000,0.8243 +- 0.5104
a,instance_0005,simple_diff_simple_random,10,0.8223 +- 0.0000,0.7726 +- 0.4501
a,instance_0005,simple_diff_simple_smaller,10,0.8223 +- 0.0000,0.7038 +- 0.4616
a,instance_0005,simple_diff_weighted_exact_bigger,5,0.8210 +- 0.0000,0.1124 +- 0.0183
a,instance_0005,simple_diff_weighted_exact_most_shared,5,0.8210 +- 0.0000,0.1139 +- 0.0039
a,instance_0005,simple_diff_weighted_exact_random,5,0.8210 +- 0.0000,0.1111 +- 0.0280
a,instance_0005,simple_diff_weighted_exact_smaller,5,0.8210 +- 0.0000,0.0960 +- 0.0078
a,instance_0005,simple_diff_weighted_multi_bigger,10,0.8210 +- 0.0000,0.1932 +- 0.1041
a,instance_0005,simple_diff_weighted_multi_most_shared,10,0.8210 +- 0.0000,0.1990 +- 0.1095
a,instance_0005,simple_diff_weighted_multi_random,10,0.8210 +- 0.0000,0.1941 +- 0.0971
a,instance_0005,simple_diff_weighted_multi_smaller,10,0.8210 +- 0.0000,0.1910 +- 0.0935
a,instance_0005,simple_diff_weighted_simple_bigger,10,0.8223 +- 0.0000,0.7199 +- 0.4655
a,instance_0005,simple_diff_weighted_simple_most_shared,10,0.8222 +- 0.0000,0.8135 +- 0.5055
a,instance_0005,simple_diff_weighted_simple_random,10,0.8223 +- 0.0000,0.7691 +- 0.4616
a,instance_0005,simple_diff_weighted_simple_smaller,10,0.8223 +- 0.0000,0.7319 +- 0.4322
a,instance_0005,simple_random_exact,5,0.8164 +- 0.0021,0.0852 +- 0.0049
a,instance_0005,simple_random_multi,10,0.8167 +- 0.0019,0.2091 +- 0.0964
a,instance_0005,simple_random_simple,10,0.8188 +- 0.0014,0.8387 +- 0.4724
a,instance_0005,simple_similar_exact_bigger,5,0.8196 +- 0.0000,0.1001 +- 0.0084
a,instance_0005,simple_similar_exact_most_shared,5,0.8183 +- 0.0000,0.1344 +- 0.0232
a,instance_0005,simple_similar_exact_random,5,0.8202 +- 0.0012,0.1105 +- 0.0137
a,instance_0005,simple_similar_exact_smaller,5,0.8210 +- 0.0000,0.0973 +- 0.0057
a,instance_0005,simple_similar_multi_bigger,10,0.8196 +- 0.0000,0.2079 +- 0.0904
a,instance_0005,simple_similar_multi_most_shared,10,0.8183 +- 0.0000,0.2020 +- 0.1071
a,instance_0005,simple_similar_multi_random,10,0.8202 +- 0.0011,0.2225 +- 0.0748
a,instance_0005,simple_similar_multi_smaller,10,0.8210 +- 0.0000,0.1854 +- 0.0944
a,instance_0005,simple_similar_simple_bigger,10,0.8210 +- 0.0000,0.8079 +- 0.4497
a,instance_0005,simple_similar_simple_most_shared,10,0.8196 +- 0.0000,0.7562 +- 0.4474
a,instance_0005,simple_similar_simple_random,10,0.8215 +- 0.0011,0.7798 +- 0.4451
a,instance_0005,simple_similar_simple_smaller,10,0.8222 +- 0.0000,0.7268 +- 0.4479
a,instance_0005,simple_similar_weighted_exact_bigger,5,0.8196 +- 0.0000,0.1076 +- 0.0110
a,instance_0005,simple_similar_weighted_exact_most_shared,5,0.8183 +- 0.0000,0.1353 +- 0.0460
a,instance_0005,simple_similar_weighted_exact_random,5,0.8202 +- 0.0012,0.0936 +- 0.0067
a,instance_0005,simple_similar_weighted_exact_smaller,5,0.8210 +- 0.0000,0.1040 +- 0.0276
a,instance_0005,simple_similar_weighted_multi_bigger,10,0.8196 +- 0.0000,0.2040 +- 0.0956
a,instance_0005,simple_similar_weighted_multi_most_shared,10,0.8183 +- 0.0000,0.2136 +- 0.1055
a,instance_0005,simple_similar_weighted_multi_random,10,0.8202 +- 0.0011,0.2059 +- 0.1109
a,instance_0005,simple_similar_weighted_multi_smaller,10,0.8210 +- 0.0000,0.2023 +- 0.0971
a,instance_0005,simple_similar_weighted_simple_bigger,10,0.8210 +- 0.0000,0.7663 +- 0.4928
a,instance_0005,simple_similar_weighted_simple_most_shared,10,0.8196 +- 0.0000,0.7288 +- 0.4706
a,instance_0005,simple_similar_weighted_simple_random,10,0.8215 +- 0.0011,0.7609 +- 0.4720
a,instance_0005,simple_similar_weighted_simple_smaller,10,0.8222 +- 0.0000,0.7201 +- 0.4424
a,instance_0006,simple_asc_exact,5,0.9614 +- 0.0000,0.1427 +- 0.0373
a,instance_0006,simple_asc_multi,10,0.9614 +- 0.0000,0.2656 +- 0.1364
a,instance_0006,simple_asc_simple,10,0.9617 +- 0.0000,1.1078 +- 0.6867
a,instance_0006,simple_desc_exact,5,0.9535 +- 0.0000,0.0740 +- 0.0056
a,instance_0006,simple_desc_multi,10,0.9535 +- 0.0000,0.2031 +- 0.1270
a,instance_0006,simple_desc_simple,10,0.9538 +- 0.0000,0.2571 +- 0.1495
a,instance_0006,simple_diff_exact_bigger,5,0.9612 +- 0.0000,0.1329 +- 0.0262
a,instance_0006,simple_diff_exact_most_shared,5,0.9612 +- 0.0000,0.1323 +- 0.0162
a,instance_0006,simple_diff_exact_random,5,0.9612 +- 0.0000,0.1176 +- 0.0152
a,instance_0006,simple_diff_exact_smaller,5,0.9612 +- 0.0000,0.1152 +- 0.0103
a,instance_0006,simple_diff_multi_bigger,10,0.9612 +- 0.0000,0.2531 +- 0.1359
a,instance_0006,simple_diff_multi_most_shared,10,0.9612 +- 0.0000,0.2842 +- 0.1468
a,instance_0006,simple_diff_multi_random,10,0.9612 +- 0.0000,0.2668 +- 0.1282
a,instance_0006,simple_diff_multi_smaller,10,0.9612 +- 0.0000,0.2624 +- 0.1381
a,instance_0006,simple_diff_simple_bigger,10,0.9614 +- 0.0000,0.8689 +- 0.5610
a,instance_0006,simple_diff_simple_most_shared,10,0.9614 +- 0.0000,0.8800 +- 0.5661
a,instance_0006,simple_diff_simple_random,10,0.9614 +- 0.0000,0.8926 +- 0.5490
a,instance_0006,simple_diff_simple_smaller,10,0.9614 +- 0.0000,0.8996 +- 0.5528
a,instance_0006,simple_diff_weighted_exact_bigger,5,0.9612 +- 0.0000,0.1413 +- 0.0062
a,instance_0006,simple_diff_weighted_exact_most_shared,5,0.9612 +- 0.0000,0.1333 +- 0.0066
a,instance_0006,simple_diff_weighted_exact_random,5,0.9612 +- 0.0000,0.1365 +- 0.0220
a,instance_0006,simple_diff_weighted_exact_smaller,5,0.9612 +- 0.0000,0.1278 +- 0.0194
a,instance_0006,simple_diff_weighted_multi_bigger,10,0.9612 +- 0.0000,0.2587 +- 0.1441
a,instance_0006,simple_diff_weighted_multi_most_shared,10,0.9612 +- 0.0000,0.2789 +- 0.1430
a,instance_0006,simple_diff_weighted_multi_random,10,0.9612 +- 0.0000,0.2596 +- 0.1369
a,instance_0006,simple_diff_weighted_multi_smaller,10,0.9612 +- 0.0000,0.2628 +- 0.1355
a,instance_0006,simple_diff_weighted_simple_bigger,10,0.9614 +- 0.0000,0.8754 +- 0.5535
a,instance_0006,simple_diff_weighted_simple_most_shared,10,0.9614 +- 0.0000,0.9319 +- 0.5839
a,instance_0006,simple_diff_weighted_simple_random,10,0.9614 +- 0.0000,0.8806 +- 0.5598
a,instance_0006,simple_diff_weighted_simple_smaller,10,0.9614 +- 0.0000,0.9115 +- 0.5684
a,instance_0006,simple_random_exact,5,0.9604 +- 0.0009,0.1009 +- 0.0078
a,instance_0006,simple_random_multi,10,0.9605 +- 0.0009,0.2631 +- 0.1319
a,instance_0006,simple_random_simple,10,0.9609 +- 0.0009,0.8653 +- 0.5588
a,instance_0006,simple_similar_exact_bigger,5,0.9609 +- 0.0000,0.1367 +- 0.0171
a,instance_0006,simple_similar_exact_most_shared,5,0.9612 +- 0.0000,0.1425 +- 0.0189
a,instance_0006,simple_similar_exact_random,5,0.9612 +- 0.0000,0.1181 +- 0.0104
a,instance_0006,simple_similar_exact_smaller,5,0.9612 +- 0.0000,0.1259 +- 0.0071
a,instance_0006,simple_similar_multi_bigger,10,0.9609 +- 0.0000,0.2647 +- 0.1395
a,instance_0006,simple_similar_multi_most_shared,10,0.9612 +- 0.0000,0.2825 +- 0.1449
a,instance_0006,simple_similar_multi_random,10,0.9612 +- 0.0000,0.2647 +- 0.1246
a,instance_0006,simple_similar_multi_smaller,10,0.9612 +- 0.0000,0.2540 +- 0.1457
a,instance_0006,simple_similar_simple_bigger,10,0.9612 +- 0.0000,0.9064 +- 0.5811
a,instance_0006,simple_similar_simple_most_shared,10,0.9614 +- 0.0000,0.8973 +- 0.5287
a,instance_0006,simple_similar_simple_random,10,0.9614 +- 0.0000,0.8605 +- 0.5241
a,instance_0006,simple_similar_simple_smaller,10,0.9614 +- 0.0000,0.8891 +- 0.5503
a,instance_0006,simple_similar_weighted_exact_bigger,5,0.9609 +- 0.0000,0.1181 +- 0.0102
a,instance_0006,simple_similar_weighted_exact_most_shared,5,0.9612 +- 0.0000,0.1388 +- 0.0069
a,instance_0006,simple_similar_weighted_exact_random,5,0.9612 +- 0.0000,0.1334 +- 0.0354
a,instance_0006,simple_similar_weighted_exact_smaller,5,0.9612 +- 0.0000,0.1171 +- 0.0037
a,instance_0006,simple_similar_weighted_multi_bigger,10,0.9609 +- 0.0000,0.2771 +- 0.1492
a,instance_0006,simple_similar_weighted_multi_most_shared,10,0.9612 +- 0.0000,0.2557 +- 0.1357
a,instance_0006,simple_similar_weighted_multi_random,10,0.9612 +- 0.0000,0.2754 +- 0.1200
a,instance_0006,simple_similar_weighted_multi_smaller,10,0.9612 +- 0.0000,0.2566 +- 0.1442
a,instance_0006,simple_similar_weighted_simple_bigger,10,0.9612 +- 0.0000,0.8978 +- 0.5783
a,instance_0006,simple_similar_weighted_simple_most_shared,10,0.9614 +- 0.0000,0.8763 +- 0.5511
a,instance_0006,simple_similar_weighted_simple_random,10,0.9614 +- 0.0000,0.8637 +- 0.5476
a,instance_0006,simple_similar_weighted_simple_smaller,10,0.9614 +- 0.0000,0.8912 +- 0.5517
a,instance_0007,simple_asc_exact,5,0.9333 +- 0.0000,0.1130 +- 0.0069
a,instance_0007,simple_asc_multi,10,0.9337 +- 0.0000,0.2469 +- 0.1138
a,instance_0007,simple_asc_simple,10,0.9342 +- 0.0000,1.1136 +- 0.7134
a,instance_0007,simple_desc_exact,5,0.9279 +- 0.0000,0.0858 +- 0.0147
a,instance_0007,simple_desc_multi,10,0.9279 +- 0.0000,0.2386 +- 0.1306
a,instance_0007,simple_desc_simple,10,0.9284 +- 0.0000,0.4732 +- 0.2975
a,instance_0007,simple_diff_exact_bigger,5,0.9324 +- 0.0000,0.1161 +- 0.0180
a,instance_0007,simple_diff_exact_most_shared,5,0.9324 +- 0.0000,0.1244 +- 0.0108
a,instance_0007,simple_diff_exact_random,5,0.9324 +- 0.0000,0.1120 +- 0.0131
a,instance_0007,simple_diff_exact_smaller,5,0.9324 +- 0.0000,0.1102 +- 0.0137
a,instance_0007,simple_diff_multi_bigger,10,0.9324 +- 0.0000,0.2641 +- 0.1500
a,instance_0007,simple_diff_multi_most_shared,10,0.9324 +- 0.0000,0.2605 +- 0.1457
a,instance_0007,simple_diff_multi_random,10,0.9324 +- 0.0000,0.2519 +- 0.1335
a,instance_0007,simple_diff_multi_smaller,10,0.9324 +- 0.0000,0.2558 +- 0.1432
a,instance_0007,simple_diff_simple_bigger,10,0.9328 +- 0.0000,0.8837 +- 0.5652
a,instance_0007,simple_diff_simple_most_shared,10,0.9328 +- 0.0000,0.8828 +- 0.5619
a,instance_0007,simple_diff_simple_random,10,0.9328 +- 0.0000,0.9122 +- 0.5619
a,instance_0007,simple_diff_simple_smaller,10,0.9328 +- 0.0000,0.8850 +- 0.5943
a,instance_0007,simple_diff_weighted_exact_bigger,5,0.9324 +- 0.0000,0.1100 +- 0.0141
a,instance_0007,simple_diff_weighted_exact_most_shared,5,0.9324 +- 0.0000,0.1370 +- 0.0390
a,instance_0007,simple_diff_weighted_exact_random,5,0.9324 +- 0.0000,0.1060 +- 0.0075
a,instance_0007,simple_diff_weighted_exact_smaller,5,0.9324 +- 0.0000,0.1053 +- 0.0068
a,instance_0007,simple_diff_weighted_multi_bigger,10,0.9324 +- 0.0000,0.2470 +- 0.1280
a,instance_0007,simple_diff_weighted_multi_most_shared,10,0.9324 +- 0.0000,0.2600 +- 0.1405
a,instance_0007,simple_diff_weighted_multi_random,10,0.9324 +- 0.0000,0.2631 +- 0.1438
a,instance_0007,simple_diff_weighted_multi_smaller,10,0.9324 +- 0.0000,0.2539 +- 0.1367
a,instance_0007,simple_diff_weighted_simple_bigger,10,0.9328 +- 0.0000,0.8916 +- 0.5422
a,instance_0007,simple_diff_weighted_simple_most_shared,10,0.9328 +- 0.0000,0.8909 +- 0.5693
a,instance_0007,simple_diff_weighted_simple_random,10,0.9328 +- 0.0000,0.9079 +- 0.5798
a,instance_0007,simple_diff_weighted_simple_smaller,10,0.9328 +- 0.0000,0.8635 +- 0.5602
a,instance_0007,simple_random_exact,5,0.9324 +- 0.0013,0.0961 +- 0.0029
a,instance_0007,simple_random_multi,10,0.9325 +- 0.0012,0.2520 +- 0.1149
a,instance_0007,simple_random_simple,10,0.9332 +- 0.0006,0.9370 +- 0.6112
a,instance_0007,simple_similar_exact_bigger,5,0.9324 +- 0.0000,0.1231 +- 0.0216
a,instance_0007,simple_similar_exact_most_shared,5,0.9324 +- 0.0000,0.1372 +- 0.0131
a,instance_0007,simple_similar_exact_random,5,0.9324 +- 0.0000,0.1134 +- 0.0105
a,instance_0007,simple_similar_exact_smaller,5,0.9324 +- 0.0000,0.1246 +- 0.0210
a,instance_0007,simple_similar_multi_bigger,10,0.9324 +- 0.0000,0.2513 +- 0.1228
a,instance_0007,simple_similar_multi_most_shared,10,0.9324 +- 0.0000,0.2836 +- 0.1569
a,instance_0007,simple_similar_multi_random,10,0.9324 +- 0.0000,0.2663 +- 0.1498
a,instance_0007,simple_similar_multi_smaller,10,0.9324 +- 0.0000,0.2562 +- 0.1479
a,instance_0007,simple_similar_simple_bigger,10,0.9328 +- 0.0000,0.9215 +- 0.5721
a,instance_0007,simple_similar_simple_most_shared,10,0.9328 +- 0.0000,0.8531 +- 0.5403
a,instance_0007,simple_similar_simple_random,10,0.9328 +- 0.0000,0.9354 +- 0.6291
a,instance_0007,simple_similar_simple_smaller,10,0.9328 +- 0.0000,0.9035 +- 0.5779
a,instance_0007,simple_similar_weighted_exact_bigger,5,0.9324 +- 0.0000,0.1129 +- 0.0100
a,instance_0007,simple_similar_weighted_exact_most_shared,5,0.9324 +- 0.0000,0.1389 +- 0.0210
a,instance_0007,simple_similar_weighted_exact_random,5,0.9324 +- 0.0000,0.1116 +- 0.0121
a,instance_0007,simple_similar_weighted_exact_smaller,5,0.9324 +- 0.0000,0.1186 +- 0.0064
a,instance_0007,simple_similar_weighted_multi_bigger,10,0.9324 +- 0.0000,0.2436 +- 0.1309
a,instance_0007,simple_similar_weighted_multi_most_shared,10,0.9324 +- 0.0000,0.2612 +- 0.1306
a,instance_0007,simple_similar_weighted_multi_random,10,0.9324 +- 0.0000,0.2434 +- 0.1295
a,instance_0007,simple_similar_weighted_multi_smaller,10,0.9324 +- 0.0000,0.2509 +- 0.1487
a,instance_0007,simple_similar_weighted_simple_bigger,10,0.9328 +- 0.0000,0.8826 +- 0.5761
a,instance_0007,simple_similar_weighted_simple_most_shared,10,0.9328 +- 0.0000,0.8880 +- 0.5676
a,instance_0007,simple_similar_weighted_simple_random,10,0.9328 +- 0.0000,0.8718 +- 0.5837
a,instance_0007,simple_similar_weighted_simple_smaller,10,0.9328 +- 0.0000,0.9039 +- 0.5680
a,instance_0008,simple_asc_exact,5,0.8765 +- 0.0000,0.0847 +- 0.0040
a,instance_0008,simple_asc_multi,10,0.8765 +- 0.0000,0.1947 +- 0.1154
a,instance_0008,simple_asc_simple,10,0.8774 +- 0.0000,0.6959 +- 0.4283
a,instance_0008,simple_desc_exact,5,0.8020 +- 0.0000,0.0627 +- 0.0048
a,instance_0008,simple_desc_multi,10,0.8020 +- 0.0000,0.1313 +- 0.0825
a,instance_0008,simple_desc_simple,10,0.8240 +- 0.0000,0.3137 +- 0.1882
a,instance_0008,simple_diff_exact_bigger,5,0.8709 +- 0.0000,0.0955 +- 0.0038
a,instance_0008,simple_diff_exact_most_shared,5,0.8690 +- 0.0000,0.1008 +- 0.0064
a,instance_0008,simple_diff_exact_random,5,0.8693 +- 0.0009,0.0867 +- 0.0175
a,instance_0008,simple_diff_exact_smaller,5,0.8690 +- 0.0000,0.0792 +- 0.0138
a,instance_0008,simple_diff_multi_bigger,10,0.8709 +- 0.0000,0.1857 +- 0.1013
a,instance_0008,simple_diff_multi_most_shared,10,0.8690 +- 0.0000,0.2053 +- 0.1205
a,instance_0008,simple_diff_multi_random,10,0.8693 +- 0.0008,0.1972 +- 0.1187
a,instance_0008,simple_diff_multi_smaller,10,0.8690 +- 0.0000,0.1840 +- 0.1051
a,instance_0008,simple_diff_simple_bigger,10,0.8737 +- 0.0000,0.5862 +- 0.3630
a,instance_0008,simple_diff_simple_most_shared,10,0.8709 +- 0.0000,0.5959 +- 0.3719
a,instance_0008,simple_diff_simple_random,10,0.8715 +- 0.0008,0.5665 +- 0.3395
a,instance_0008,simple_diff_simple_smaller,10,0.8709 +- 0.0000,0.5236 +- 0.3369
a,instance_0008,simple_diff_weighted_exact_bigger,5,0.8709 +- 0.0000,0.0985 +- 0.0210
a,instance_0008,simple_diff_weighted_exact_most_shared,5,0.8690 +- 0.0000,0.1017 +- 0.0064
a,instance_0008,simple_diff_weighted_exact_random,5,0.8693 +- 0.0009,0.0816 +- 0.0060
a,instance_0008,simple_diff_weighted_exact_smaller,5,0.8690 +- 0.0000,0.0795 +- 0.0077
a,instance_0008,simple_diff_weighted_multi_bigger,10,0.8709 +- 0.0000,0.1808 +- 0.1018
a,instance_0008,simple_diff_weighted_multi_most_shared,10,0.8690 +- 0.0000,0.2127 +- 0.1328
a,instance_0008,simple_diff_weighted_multi_random,10,0.8693 +- 0.0008,0.1807 +- 0.1094
a,instance_0008,simple_diff_weighted_multi_smaller,10,0.8690 +- 0.0000,0.1966 +- 0.0999
a,instance_0008,simple_diff_weighted_simple_bigger,10,0.8737 +- 0.0000,0.5758 +- 0.3467
a,instance_0008,simple_diff_weighted_simple_most_shared,10,0.8709 +- 0.0000,0.5693 +- 0.3540
a,instance_0008,simple_diff_weighted_simple_random,10,0.8715 +- 0.0008,0.5407 +- 0.3474
a,instance_0008,simple_diff_weighted_simple_smaller,10,0.8709 +- 0.0000,0.5409 +- 0.3308
a,instance_0008,simple_random_exact,5,0.8695 +- 0.0026,0.0786 +- 0.0089
a,instance_0008,simple_random_multi,10,0.8695 +- 0.0025,0.1898 +- 0.1157
a,instance_0008,simple_random_simple,10,0.8726 +- 0.0024,0.5275 +- 0.3265
a,instance_0008,simple_similar_exact_bigger,5,0.8690 +- 0.0000,0.1061 +- 0.0256
a,instance_0008,simple_similar_exact_most_shared,5,0.8699 +- 0.0000,0.1077 +- 0.0212
a,instance_0008,simple_similar_exact_random,5,0.8694 +- 0.0005,0.0906 +- 0.0067
a,instance_0008,simple_similar_exact_smaller,5,0.8690 +- 0.0000,0.0885 +- 0.0082
a,instance_0008,simple_similar_multi_bigger,10,0.8690 +- 0.0000,0.1945 +- 0.1228
a,instance_0008,simple_similar_multi_most_shared,10,0.8699 +- 0.0000,0.1990 +- 0.1072
a,instance_0008,simple_similar_multi_random,10,0.8694 +- 0.0005,0.1868 +- 0.1140
a,instance_0008,simple_similar_multi_smaller,10,0.8690 +- 0.0000,0.1913 +- 0.1035
a,instance_0008,simple_similar_simple_bigger,10,0.8709 +- 0.0000,0.5709 +- 0.2953
a,instance_0008,simple_similar_simple_most_shared,10,0.8718 +- 0.0000,0.5538 +- 0.3412
a,instance_0008,simple_similar_simple_random,10,0.8715 +- 0.0008,0.5665 +- 0.3388
a,instance_0008,simple_similar_simple_smaller,10,0.8709 +- 0.0000,0.5646 +- 0.3430
a,instance_0008,simple_similar_weighted_exact_bigger,5,0.8690 +- 0.0000,0.0855 +- 0.0058
a,instance_0008,simple_similar_weighted_exact_most_shared,5,0.8699 +- 0.0000,0.1084 +- 0.0180
a,instance_0008,simple_similar_weighted_exact_random,5,0.8694 +- 0.0005,0.0839 +- 0.0027
a,instance_0008,simple_similar_weighted_exact_smaller,5,0.8690 +- 0.0000,0.0842 +- 0.0070
a,instance_0008,simple_similar_weighted_multi_bigger,10,0.8690 +- 0.0000,0.1824 +- 0.1042
a,instance_0008,simple_similar_weighted_multi_most_shared,10,0.8699 +- 0.0000,0.2023 +- 0.1240
a,instance_0008,simple_similar_weighted_multi_random,10,0.8694 +- 0.0005,0.1906 +- 0.0983
a,instance_0008,simple_similar_weighted_multi_smaller,10,0.8690 +- 0.0000,0.1778 +- 0.0997
a,instance_0008,simple_similar_weighted_simple_bigger,10,0.8709 +- 0.0000,0.5142 +- 0.3205
a,instance_0008,simple_similar_weighted_simple_most_shared,10,0.8718 +- 0.0000,0.5658 +- 0.3306
a,instance_0008,simple_similar_weighted_simple_random,10,0.8715 +- 0.0008,0.5411 +- 0.3350
a,instance_0008,simple_similar_weighted_simple_smaller,10,0.8709 +- 0.0000,0.5448 +- 0.3495
a,instance_0009,simple_asc_exact,5,0.5349 +- 0.0000,0.0222 +- 0.0031
a,instance_0009,simple_asc_multi,10,0.5588 +- 0.0000,0.0103 +- 0.0077
a,instance_0009,simple_asc_simple,10,0.5998 +- 0.0000,0.0401 +- 0.0331
a,instance_0009,simple_desc_exact,5,0.2783 +- 0.0000,0.0230 +- 0.0048
a,instance_0009,simple_desc_multi,10,0.3072 +- 0.0000,0.0064 +- 0.0036
a,instance_0009,simple_desc_simple,10,0.3464 +- 0.0000,0.0219 +- 0.0182
a,instance_0009,simple_diff_exact_bigger,5,0.4066 +- 0.0000,0.0225 +- 0.0059
a,instance_0009,simple_diff_exact_most_shared,5,0.4066 +- 0.0000,0.0275 +- 0.0079
a,instance_0009,simple_diff_exact_random,5,0.4101 +- 0.0133,0.0279 +- 0.0073
a,instance_0009,simple_diff_exact_smaller,5,0.3962 +- 0.0000,0.0237 +- 0.0035
a,instance_0009,simple_diff_multi_bigger,10,0.4358 +- 0.0000,0.0060 +- 0.0036
a,instance_0009,simple_diff_multi_most_shared,10,0.4264 +- 0.0000,0.0060 +- 0.0034
a,instance_0009,simple_diff_multi_random,10,0.4236 +- 0.0173,0.0057 +- 0.0033
a,instance_0009,simple_diff_multi_smaller,10,0.4066 +- 0.0000,0.0065 +- 0.0060
a,instance_0009,simple_diff_simple_bigger,10,0.4939 +- 0.0000,0.0280 +- 0.0207
a,instance_0009,simple_diff_simple_most_shared,10,0.4786 +- 0.0000,0.0265 +- 0.0198
a,instance_0009,simple_diff_simple_random,10,0.5064 +- 0.0052,0.0275 +- 0.0191
a,instance_0009,simple_diff_simple_smaller,10,0.5012 +- 0.0000,0.0332 +- 0.0262
a,instance_0009,simple_diff_weighted_exact_bigger,5,0.4066 +- 0.0000,0.0227 +- 0.0044
a,instance_0009,simple_diff_weighted_exact_most_shared,5,0.4066 +- 0.0000,0.0245 +- 0.0034
a,instance_0009,simple_diff_weighted_exact_random,5,0.4101 +- 0.0133,0.0258 +- 0.0075
a,instance_0009,simple_diff_weighted_exact_smaller,5,0.3962 +- 0.0000,0.0435 +- 0.0451
a,instance_0009,simple_diff_weighted_multi_bigger,10,0.4358 +- 0.0000,0.0064 +- 0.0039
a,instance_0009,simple_diff_weighted_multi_most_shared,10,0.4264 +- 0.0000,0.0060 +- 0.0036
a,instance_0009,simple_diff_weighted_multi_random,10,0.4236 +- 0.0173,0.0065 +- 0.0038
a,instance_0009,simple_diff_weighted_multi_smaller,10,0.4066 +- 0.0000,0.0064 +- 0.0039
a,instance_0009,simple_diff_weighted_simple_bigger,10,0.4939 +- 0.0000,0.0274 +- 0.0211
a,instance_0009,simple_diff_weighted_simple_most_shared,10,0.4786 +- 0.0000,0.0326 +- 0.0241
a,instance_0009,simple_diff_weighted_simple_random,10,0.5064 +- 0.0052,0.0329 +- 0.0228
a,instance_0009,simple_diff_weighted_simple_smaller,10,0.5012 +- 0.0000,0.0290 +- 0.0214
a,instance_0009,simple_random_exact,5,0.4504 +- 0.0562,0.0295 +- 0.0063
a,instance_0009,simple_random_multi,10,0.4666 +- 0.0449,0.0065 +- 0.0048
a,instance_0009,simple_random_simple,10,0.5308 +- 0.0337,0.0317 +- 0.0236
a,instance_0009,simple_similar_exact_bigger,5,0.4226 +- 0.0000,0.0280 +- 0.0054
a,instance_0009,simple_similar_exact_most_shared,5,0.3962 +- 0.0000,0.0248 +- 0.0032
a,instance_0009,simple_similar_exact_random,5,0.4099 +- 0.0190,0.0437 +- 0.0439
a,instance_0009,simple_similar_exact_smaller,5,0.4027 +- 0.0000,0.0214 +- 0.0012
a,instance_0009,simple_similar_multi_bigger,10,0.4413 +- 0.0000,0.0065 +- 0.0046
a,instance_0009,simple_similar_multi_most_shared,10,0.4066 +- 0.0000,0.0059 +- 0.0034
a,instance_0009,simple_similar_multi_random,10,0.4276 +- 0.0137,0.0068 +- 0.0040
a,instance_0009,simple_similar_multi_smaller,10,0.4129 +- 0.0000,0.0064 +- 0.0052
a,instance_0009,simple_similar_simple_bigger,10,0.5051 +- 0.0000,0.0311 +- 0.0236
a,instance_0009,simple_similar_simple_most_shared,10,0.5012 +- 0.0000,0.0285 +- 0.0223
a,instance_0009,simple_similar_simple_random,10,0.4989 +- 0.0143,0.0300 +- 0.0204
a,instance_0009,simple_similar_simple_smaller,10,0.4906 +- 0.0000,0.0294 +- 0.0200
a,instance_0009,simple_similar_weighted_exact_bigger,5,0.4226 +- 0.0000,0.0253 +- 0.0027
a,instance_0009,simple_similar_weighted_exact_most_shared,5,0.3962 +- 0.0000,0.0309 +- 0.0114
a,instance_0009,simple_similar_weighted_exact_random,5,0.4099 +- 0.0190,0.0230 +- 0.0034
a,instance_0009,simple_similar_weighted_exact_smaller,5,0.4027 +- 0.0000,0.0251 +- 0.0037
a,instance_0009,simple_similar_weighted_multi_bigger,10,0.4413 +- 0.0000,0.0066 +- 0.0046
a,instance_0009,simple_similar_weighted_multi_most_shared,10,0.4066 +- 0.0000,0.0058 +- 0.0036
a,instance_0009,simple_similar_weighted_multi_random,10,0.4276 +- 0.0137,0.0056 +- 0.0035
a,instance_0009,simple_similar_weighted_multi_smaller,10,0.4129 +- 0.0000,0.0063 +- 0.0048
a,instance_0009,simple_similar_weighted_simple_bigger,10,0.5051 +- 0.0000,0.0325 +- 0.0278
a,instance_0009,simple_similar_weighted_simple_most_shared,10,0.5012 +- 0.0000,0.0289 +- 0.0214
a,instance_0009,simple_similar_weighted_simple_random,10,0.4989 +- 0.0143,0.0288 +- 0.0204
a,instance_0009,simple_similar_weighted_simple_smaller,10,0.4906 +- 0.0000,0.0299 +- 0.0243
a,instance_0010,simple_asc_exact,5,0.6635 +- 0.0000,0.1015 +- 0.0182
a,instance_0010,simple_asc_multi,10,0.6646 +- 0.0000,0.3244 +- 0.1744
a,instance_0010,simple_asc_simple,10,0.6793 +- 0.0000,1.0372 +- 0.6690
a,instance_0010,simple_desc_exact,5,0.6369 +- 0.0000,0.0816 +- 0.0082
a,instance_0010,simple_desc_multi,10,0.6395 +- 0.0000,0.3315 +- 0.1805
a,instance_0010,simple_desc_simple,10,0.6599 +- 0.0000,0.7728 +- 0.5084
a,instance_0010,simple_diff_exact_bigger,5,0.6469 +- 0.0000,0.1064 +- 0.0134
a,instance_0010,simple_diff_exact_most_shared,5,0.6459 +- 0.0000,0.1095 +- 0.0249
a,instance_0010,simple_diff_exact_random,5,0.6463 +- 0.0011,0.0954 +- 0.0143
a,instance_0010,simple_diff_exact_smaller,5,0.6445 +- 0.0000,0.0906 +- 0.0051
a,instance_0010,simple_diff_multi_bigger,10,0.6482 +- 0.0000,0.3338 +- 0.2012
a,instance_0010,simple_diff_multi_most_shared,10,0.6484 +- 0.0000,0.3339 +- 0.1939
a,instance_0010,simple_diff_multi_random,10,0.6475 +- 0.0011,0.3264 +- 0.1931
a,instance_0010,simple_diff_multi_smaller,10,0.6457 +- 0.0000,0.3581 +- 0.2331
a,instance_0010,simple_diff_simple_bigger,10,0.6687 +- 0.0000,0.8954 +- 0.5827
a,instance_0010,simple_diff_simple_most_shared,10,0.6678 +- 0.0000,0.9110 +- 0.5862
a,instance_0010,simple_diff_simple_random,10,0.6685 +- 0.0009,0.9501 +- 0.5775
a,instance_0010,simple_diff_simple_smaller,10,0.6666 +- 0.0000,0.9391 +- 0.5910
a,instance_0010,simple_diff_weighted_exact_bigger,5,0.6469 +- 0.0000,0.1038 +- 0.0258
a,instance_0010,simple_diff_weighted_exact_most_shared,5,0.6459 +- 0.0000,0.1061 +- 0.0149
a,instance_0010,simple_diff_weighted_exact_random,5,0.6463 +- 0.0011,0.0909 +- 0.0055
a,instance_0010,simple_diff_weighted_exact_smaller,5,0.6445 +- 0.0000,0.0901 +- 0.0082
a,instance_0010,simple_diff_weighted_multi_bigger,10,0.6482 +- 0.0000,0.3353 +- 0.1968
a,instance_0010,simple_diff_weighted_multi_most_shared,10,0.6484 +- 0.0000,0.3323 +- 0.1941
a,instance_0010,simple_diff_weighted_multi_random,10,0.6475 +- 0.0011,0.3330 +- 0.1672
a,instance_0010,simple_diff_weighted_multi_smaller,10,0.6457 +- 0.0000,0.3207 +- 0.1836
a,instance_0010,simple_diff_weighted_simple_bigger,10,0.6687 +- 0.0000,0.9043 +- 0.5835
a,instance_0010,simple_diff_weighted_simple_most_shared,10,0.6678 +- 0.0000,0.9461 +- 0.5800
a,instance_0010,simple_diff_weighted_simple_random,10,0.6685 +- 0.0009,0.9059 +- 0.5957
a,instance_0010,simple_diff_weighted_simple_smaller,10,0.6666 +- 0.0000,0.8943 +- 0.6125
a,instance_0010,simple_random_exact,5,0.6543 +- 0.0067,0.0901 +- 0.0136
a,instance_0010,simple_random_multi,10,0.6559 +- 0.0066,0.3499 +- 0.2251
a,instance_0010,simple_random_simple,10,0.6717 +- 0.0041,0.9380 +- 0.6369
a,instance_0010,simple_similar_exact_bigger,5,0.6447 +- 0.0000,0.1173 +- 0.0230
a,instance_0010,simple_similar_exact_most_shared,5,0.6471 +- 0.0000,0.1184 +- 0.0160
a,instance_0010,simple_similar_exact_random,5,0.6460 +- 0.0013,0.1064 +- 0.0323
a,instance_0010,simple_similar_exact_smaller,5,0.6445 +- 0.0000,0.1195 +- 0.0236
a,instance_0010,simple_similar_multi_bigger,10,0.6447 +- 0.0000,0.3389 +- 0.2190
a,instance_0010,simple_similar_multi_most_shared,10,0.6484 +- 0.0000,0.3650 +- 0.2259
a,instance_0010,simple_similar_multi_random,10,0.6472 +- 0.0012,0.3277 +- 0.1905
a,instance_0010,simple_similar_multi_smaller,10,0.6457 +- 0.0000,0.3207 +- 0.1842
a,instance_0010,simple_similar_simple_bigger,10,0.6689 +- 0.0000,0.9432 +- 0.6392
a,instance_0010,simple_similar_simple_most_shared,10,0.6689 +- 0.0000,0.9319 +- 0.6273
a,instance_0010,simple_similar_simple_random,10,0.6681 +- 0.0008,0.8869 +- 0.6135
a,instance_0010,simple_similar_simple_smaller,10,0.6666 +- 0.0000,0.9281 +- 0.5593
a,instance_0010,simple_similar_weighted_exact_bigger,5,0.6447 +- 0.0000,0.1005 +- 0.0102
a,instance_0010,simple_similar_weighted_exact_most_shared,5,0.6471 +- 0.0000,0.1064 +- 0.0146
a,instance_0010,simple_similar_weighted_exact_random,5,0.6460 +- 0.0013,0.1035 +- 0.0084
a,instance_0010,simple_similar_weighted_exact_smaller,5,0.6445 +- 0.0000,0.1094 +- 0.0244
a,instance_0010,simple_similar_weighted_multi_bigger,10,0.6447 +- 0.0000,0.3477 +- 0.2045
a,instance_0010,simple_similar_weighted_multi_most_shared,10,0.6484 +- 0.0000,0.3459 +- 0.1960
a,instance_0010,simple_similar_weighted_multi_random,10,0.6472 +- 0.0012,0.3438 +- 0.1894
a,instance_0010,simple_similar_weighted_multi_smaller,10,0.6457 +- 0.0000,0.3248 +- 0.1895
a,instance_0010,simple_similar_weighted_simple_bigger,10,0.6689 +- 0.0000,0.8954 +- 0.6246
a,instance_0010,simple_similar_weighted_simple_most_shared,10,0.6689 +- 0.0000,0.9595 +- 0.6702
a,instance_0010,simple_similar_weighted_simple_random,10,0.6681 +- 0.0008,0.8982 +- 0.5904
a,instance_0010,simple_similar_weighted_simple_smaller,10,0.6666 +- 0.0000,0.9646 +- 0.6264
a,instance_0011,simple_asc_exact,5,0.5920 +- 0.0000,0.0972 +- 0.0047
a,instance_0011,simple_asc_multi,10,0.5933 +- 0.0000,0.2761 +- 0.1537
a,instance_0011,simple_asc_simple,10,0.6165 +- 0.0000,1.1053 +- 0.7479
a,instance_0011,simple_desc_exact,5,0.5554 +- 0.0000,0.0915 +- 0.0055
a,instance_0011,simple_desc_multi,10,0.5650 +- 0.0000,0.2489 +- 0.1501
a,instance_0011,simple_desc_simple,10,0.5927 +- 0.0000,0.8722 +- 0.5874
a,instance_0011,simple_diff_exact_bigger,5,0.5860 +- 0.0000,0.0995 +- 0.0041
a,instance_0011,simple_diff_exact_most_shared,5,0.5844 +- 0.0000,0.1010 +- 0.0194
a,instance_0011,simple_diff_exact_random,5,0.5855 +- 0.0007,0.0917 +- 0.0044
a,instance_0011,simple_diff_exact_smaller,5,0.5844 +- 0.0000,0.0935 +- 0.0073
a,instance_0011,simple_diff_multi_bigger,10,0.5902 +- 0.0000,0.2632 +- 0.1610
a,instance_0011,simple_diff_multi_most_shared,10,0.5872 +- 0.0000,0.2707 +- 0.1510
a,instance_0011,simple_diff_multi_random,10,0.5886 +- 0.0013,0.2876 +- 0.1417
a,instance_0011,simple_diff_multi_smaller,10,0.5872 +- 0.0000,0.2870 +- 0.1711
a,instance_0011,simple_diff_simple_bigger,10,0.6087 +- 0.0000,1.0122 +- 0.7110
a,instance_0011,simple_diff_simple_most_shared,10,0.6085 +- 0.0000,1.0867 +- 0.7535
a,instance_0011,simple_diff_simple_random,10,0.6098 +- 0.0008,1.0219 +- 0.6737
a,instance_0011,simple_diff_simple_smaller,10,0.6085 +- 0.0000,1.0306 +- 0.7050
a,instance_0011,simple_diff_weighted_exact_bigger,5,0.5860 +- 0.0000,0.0993 +- 0.0092
a,instance_0011,simple_diff_weighted_exact_most_shared,5,0.5844 +- 0.0000,0.1032 +- 0.0070
a,instance_0011,simple_diff_weighted_exact_random,5,0.5855 +- 0.0007,0.0925 +- 0.0036
a,instance_0011,simple_diff_weighted_exact_smaller,5,0.5844 +- 0.0000,0.0998 +- 0.0121
a,instance_0011,simple_diff_weighted_multi_bigger,10,0.5902 +- 0.0000,0.2670 +- 0.1541
a,instance_0011,simple_diff_weighted_multi_most_shared,10,0.5872 +- 0.0000,0.2771 +- 0.1501
a,instance_0011,simple_diff_weighted_multi_random,10,0.5886 +- 0.0013,0.2595 +- 0.1526
a,instance_0011,simple_diff_weighted_multi_smaller,10,0.5872 +- 0.0000,0.2623 +- 0.1506
a,instance_0011,simple_diff_weighted_simple_bigger,10,0.6087 +- 0.0000,0.9948 +- 0.6444
a,instance_0011,simple_diff_weighted_simple_most_shared,10,0.6085 +- 0.0000,1.0231 +- 0.7107
a,instance_0011,simple_diff_weighted_simple_random,10,0.6098 +- 0.0008,1.0190 +- 0.6811
a,instance_0011,simple_diff_weighted_simple_smaller,10,0.6085 +- 0.0000,1.0448 +- 0.6884
a,instance_0011,simple_random_exact,5,0.5869 +- 0.0052,0.0850 +- 0.0043
a,instance_0011,simple_random_multi,10,0.5908 +- 0.0049,0.2819 +- 0.1411
a,instance_0011,simple_random_simple,10,0.6171 +- 0.0069,0.9380 +- 0.6544
a,instance_0011,simple_similar_exact_bigger,5,0.5844 +- 0.0000,0.0989 +- 0.0109
a,instance_0011,simple_similar_exact_most_shared,5,0.5844 +- 0.0000,0.1174 +- 0.0177
a,instance_0011,simple_similar_exact_random,5,0.5844 +- 0.0000,0.0936 +- 0.0103
a,instance_0011,simple_similar_exact_smaller,5,0.5858 +- 0.0000,0.0997 +- 0.0118
a,instance_0011,simple_similar_multi_bigger,10,0.5886 +- 0.0000,0.2724 +- 0.1600
a,instance_0011,simple_similar_multi_most_shared,10,0.5872 +- 0.0000,0.2769 +- 0.1617
a,instance_0011,simple_similar_multi_random,10,0.5875 +- 0.0006,0.2711 +- 0.1576
a,instance_0011,simple_similar_multi_smaller,10,0.5886 +- 0.0000,0.2751 +- 0.1517
a,instance_0011,simple_similar_simple_bigger,10,0.6110 +- 0.0000,0.9706 +- 0.6671
a,instance_0011,simple_similar_simple_most_shared,10,0.6110 +- 0.0000,1.0670 +- 0.7278
a,instance_0011,simple_similar_simple_random,10,0.6090 +- 0.0007,1.0200 +- 0.6597
a,instance_0011,simple_similar_simple_smaller,10,0.6110 +- 0.0000,0.9842 +- 0.6737
a,instance_0011,simple_similar_weighted_exact_bigger,5,0.5844 +- 0.0000,0.1235 +- 0.0340
a,instance_0011,simple_similar_weighted_exact_most_shared,5,0.5844 +- 0.0000,0.1018 +- 0.0080
a,instance_0011,simple_similar_weighted_exact_random,5,0.5844 +- 0.0000,0.1416 +- 0.0343
a,instance_0011,simple_similar_weighted_exact_smaller,5,0.5858 +- 0.0000,0.1228 +- 0.0299
a,instance_0011,simple_similar_weighted_multi_bigger,10,0.5886 +- 0.0000,0.3100 +- 0.1732
a,instance_0011,simple_similar_weighted_multi_most_shared,10,0.5872 +- 0.0000,0.2749 +- 0.1687
a,instance_0011,simple_similar_weighted_multi_random,10,0.5875 +- 0.0006,0.2906 +- 0.1842
a,instance_0011,simple_similar_weighted_multi_smaller,10,0.5886 +- 0.0000,0.2632 +- 0.1530
a,instance_0011,simple_similar_weighted_simple_bigger,10,0.6110 +- 0.0000,1.0152 +- 0.6749
a,instance_0011,simple_similar_weighted_simple_most_shared,10,0.6110 +- 0.0000,1.0585 +- 0.7102
a,instance_0011,simple_similar_weighted_simple_random,10,0.6090 +- 0.0007,1.0236 +- 0.6895
a,instance_0011,simple_similar_weighted_simple_smaller,10,0.6110 +- 0.0000,1.0483 +- 0.6650
a,instance_0012,simple_asc_exact,5,0.7942 +- 0.0000,0.0285 +- 0.0053
a,instance_0012,simple_asc_multi,10,0.8115 +- 0.0000,0.0133 +- 0.0072
a,instance_0012,simple_asc_simple,10,0.8451 +- 0.0000,0.0509 +- 0.0415
a,instance_0012,simple_desc_exact,5,0.6652 +- 0.0000,0.0186 +- 0.0013
a,instance_0012,simple_desc_multi,10,0.6789 +- 0.0000,0.0083 +- 0.0042
a,instance_0012,simple_desc_simple,10,0.6974 +- 0.0000,0.0235 +- 0.0166
a,instance_0012,simple_diff_exact_bigger,5,0.7874 +- 0.0000,0.0272 +- 0.0050
a,instance_0012,simple_diff_exact_most_shared,5,0.7874 +- 0.0000,0.0267 +- 0.0053
a,instance_0012,simple_diff_exact_random,5,0.7868 +- 0.0013,0.0262 +- 0.0021
a,instance_0012,simple_diff_exact_smaller,5,0.7874 +- 0.0000,0.0239 +- 0.0030
a,instance_0012,simple_diff_multi_bigger,10,0.7983 +- 0.0000,0.0156 +- 0.0115
a,instance_0012,simple_diff_multi_most_shared,10,0.7983 +- 0.0000,0.0133 +- 0.0078
a,instance_0012,simple_diff_multi_random,10,0.7978 +- 0.0011,0.0141 +- 0.0080
a,instance_0012,simple_diff_multi_smaller,10,0.7983 +- 0.0000,0.0140 +- 0.0083
a,instance_0012,simple_diff_simple_bigger,10,0.8104 +- 0.0000,0.0371 +- 0.0261
a,instance_0012,simple_diff_simple_most_shared,10,0.8104 +- 0.0000,0.0435 +- 0.0316
a,instance_0012,simple_diff_simple_random,10,0.8109 +- 0.0010,0.0435 +- 0.0351
a,instance_0012,simple_diff_simple_smaller,10,0.8104 +- 0.0000,0.0423 +- 0.0313
a,instance_0012,simple_diff_weighted_exact_bigger,5,0.7874 +- 0.0000,0.0332 +- 0.0124
a,instance_0012,simple_diff_weighted_exact_most_shared,5,0.7874 +- 0.0000,0.0351 +- 0.0068
a,instance_0012,simple_diff_weighted_exact_random,5,0.7868 +- 0.0013,0.0236 +- 0.0022
a,instance_0012,simple_diff_weighted_exact_smaller,5,0.7874 +- 0.0000,0.0291 +- 0.0064
a,instance_0012,simple_diff_weighted_multi_bigger,10,0.7983 +- 0.0000,0.0131 +- 0.0066
a,instance_0012,simple_diff_weighted_multi_most_shared,10,0.7983 +- 0.0000,0.0135 +- 0.0078
a,instance_0012,simple_diff_weighted_multi_random,10,0.7978 +- 0.0011,0.0132 +- 0.0064
a,instance_0012,simple_diff_weighted_multi_smaller,10,0.7983 +- 0.0000,0.0128 +- 0.0083
a,instance_0012,simple_diff_weighted_simple_bigger,10,0.8104 +- 0.0000,0.0417 +- 0.0324
a,instance_0012,simple_diff_weighted_simple_most_shared,10,0.8104 +- 0.0000,0.0395 +- 0.0273
a,instance_0012,simple_diff_weighted_simple_random,10,0.8109 +- 0.0010,0.0391 +- 0.0275
a,instance_0012,simple_diff_weighted_simple_smaller,10,0.8104 +- 0.0000,0.0454 +- 0.0372
a,instance_0012,simple_random_exact,5,0.7840 +- 0.0099,0.0248 +- 0.0036
a,instance_0012,simple_random_multi,10,0.7875 +- 0.0095,0.0120 +- 0.0079
a,instance_0012,simple_random_simple,10,0.8108 +- 0.0043,0.0374 +- 0.0270
a,instance_0012,simple_similar_exact_bigger,5,0.7686 +- 0.0000,0.0255 +- 0.0042
a,instance_0012,simple_similar_exact_most_shared,5,0.7665 +- 0.0000,0.0274 +- 0.0019
a,instance_0012,simple_similar_exact_random,5,0.7828 +- 0.0065,0.0243 +- 0.0035
a,instance_0012,simple_similar_exact_smaller,5,0.7686 +- 0.0000,0.0251 +- 0.0047
a,instance_0012,simple_similar_multi_bigger,10,0.7752 +- 0.0000,0.0121 +- 0.0074
a,instance_0012,simple_similar_multi_most_shared,10,0.7733 +- 0.0000,0.0126 +- 0.0092
a,instance_0012,simple_similar_multi_random,10,0.7925 +- 0.0065,0.0127 +- 0.0102
a,instance_0012,simple_similar_multi_smaller,10,0.7784 +- 0.0000,0.0120 +- 0.0062
a,instance_0012,simple_similar_simple_bigger,10,0.7874 +- 0.0000,0.0378 +- 0.0263
a,instance_0012,simple_similar_simple_most_shared,10,0.7994 +- 0.0000,0.0435 +- 0.0349
a,instance_0012,simple_similar_simple_random,10,0.8086 +- 0.0074,0.0371 +- 0.0261
a,instance_0012,simple_similar_simple_smaller,10,0.7930 +- 0.0000,0.0411 +- 0.0315
a,instance_0012,simple_similar_weighted_exact_bigger,5,0.7686 +- 0.0000,0.0266 +- 0.0038
a,instance_0012,simple_similar_weighted_exact_most_shared,5,0.7665 +- 0.0000,0.0273 +- 0.0061
a,instance_0012,simple_similar_weighted_exact_random,5,0.7828 +- 0.0065,0.0282 +- 0.0086
a,instance_0012,simple_similar_weighted_exact_smaller,5,0.7686 +- 0.0000,0.0248 +- 0.0037
a,instance_0012,simple_similar_weighted_multi_bigger,10,0.7752 +- 0.0000,0.0109 +- 0.0072
a,instance_0012,simple_similar_weighted_multi_most_shared,10,0.7733 +- 0.0000,0.0118 +- 0.0080
a,instance_0012,simple_similar_weighted_multi_random,10,0.7925 +- 0.0065,0.0133 +- 0.0092
a,instance_0012,simple_similar_weighted_multi_smaller,10,0.7784 +- 0.0000,0.0107 +- 0.0074
a,instance_0012,simple_similar_weighted_simple_bigger,10,0.7874 +- 0.0000,0.0388 +- 0.0256
a,instance_0012,simple_similar_weighted_simple_most_shared,10,0.7994 +- 0.0000,0.0382 +- 0.0298
a,instance_0012,simple_similar_weighted_simple_random,10,0.8086 +- 0.0074,0.0409 +- 0.0300
a,instance_0012,simple_similar_weighted_simple_smaller,10,0.7930 +- 0.0000,0.0388 +- 0.0273
a,instance_0013,simple_asc_exact,5,0.8921 +- 0.0000,0.2552 +- 0.0354
a,instance_0013,simple_asc_multi,10,0.8921 +- 0.0000,0.8827 +- 0.5311
a,instance_0013,simple_asc_simple,10,0.8924 +- 0.0000,3.4657 +- 2.3986
a,instance_0013,simple_desc_exact,5,0.8909 +- 0.0000,0.1940 +- 0.0314
a,instance_0013,simple_desc_multi,10,0.8909 +- 0.0000,0.6943 +- 0.3449
a,instance_0013,simple_desc_simple,10,0.8915 +- 0.0000,2.5313 +- 1.7954
a,instance_0013,simple_diff_exact_bigger,5,0.8921 +- 0.0000,0.2289 +- 0.0128
a,instance_0013,simple_diff_exact_most_shared,5,0.8921 +- 0.0000,0.2421 +- 0.0102
a,instance_0013,simple_diff_exact_random,5,0.8921 +- 0.0000,0.2213 +- 0.0165
a,instance_0013,simple_diff_exact_smaller,5,0.8921 +- 0.0000,0.2373 +- 0.0130
a,instance_0013,simple_diff_multi_bigger,10,0.8921 +- 0.0000,0.7195 +- 0.3739
a,instance_0013,simple_diff_multi_most_shared,10,0.8921 +- 0.0000,0.7469 +- 0.3900
a,instance_0013,simple_diff_multi_random,10,0.8921 +- 0.0000,0.7354 +- 0.4123
a,instance_0013,simple_diff_multi_smaller,10,0.8921 +- 0.0000,0.7179 +- 0.3533
a,instance_0013,simple_diff_simple_bigger,10,0.8936 +- 0.0000,2.9428 +- 2.0132
a,instance_0013,simple_diff_simple_most_shared,10,0.8936 +- 0.0000,2.9434 +- 1.9949
a,instance_0013,simple_diff_simple_random,10,0.8936 +- 0.0000,3.0204 +- 2.0221
a,instance_0013,simple_diff_simple_smaller,10,0.8936 +- 0.0000,2.9536 +- 1.9790
a,instance_0013,simple_diff_weighted_exact_bigger,5,0.8921 +- 0.0000,0.2075 +- 0.0058
a,instance_0013,simple_diff_weighted_exact_most_shared,5,0.8921 +- 0.0000,0.2749 +- 0.0580
a,instance_0013,simple_diff_weighted_exact_random,5,0.8921 +- 0.0000,0.2494 +- 0.0283
a,instance_0013,simple_diff_weighted_exact_smaller,5,0.8921 +- 0.0000,0.2294 +- 0.0318
a,instance_0013,simple_diff_weighted_multi_bigger,10,0.8921 +- 0.0000,0.6972 +- 0.3486
a,instance_0013,simple_diff_weighted_multi_most_shared,10,0.8921 +- 0.0000,0.7606 +- 0.4297
a,instance_0013,simple_diff_weighted_multi_random,10,0.8921 +- 0.0000,0.7012 +- 0.3486
a,instance_0013,simple_diff_weighted_multi_smaller,10,0.8921 +- 0.0000,0.6825 +- 0.3919
a,instance_0013,simple_diff_weighted_simple_bigger,10,0.8936 +- 0.0000,3.0895 +- 2.0265
a,instance_0013,simple_diff_weighted_simple_most_shared,10,0.8936 +- 0.0000,2.8422 +- 1.9243
a,instance_0013,simple_diff_weighted_simple_random,10,0.8936 +- 0.0000,3.3234 +- 2.3947
a,instance_0013,simple_diff_weighted_simple_smaller,10,0.8936 +- 0.0000,3.2543 +- 2.2945
a,instance_0013,simple_random_exact,5,0.8929 +- 0.0009,0.2633 +- 0.0566
a,instance_0013,simple_random_multi,10,0.8932 +- 0.0009,0.8363 +- 0.4876
a,instance_0013,simple_random_simple,10,0.8944 +- 0.0010,3.2093 +- 2.2800
a,instance_0013,simple_similar_exact_bigger,5,0.8921 +- 0.0000,0.2424 +- 0.0444
a,instance_0013,simple_similar_exact_most_shared,5,0.8921 +- 0.0000,0.2622 +- 0.0396
a,instance_0013,simple_similar_exact_random,5,0.8921 +- 0.0000,0.2174 +- 0.0210
a,instance_0013,simple_similar_exact_smaller,5,0.8921 +- 0.0000,0.2310 +- 0.0422
a,instance_0013,simple_similar_multi_bigger,10,0.8921 +- 0.0000,0.7541 +- 0.4071
a,instance_0013,simple_similar_multi_most_shared,10,0.8921 +- 0.0000,0.7571 +- 0.3900
a,instance_0013,simple_similar_multi_random,10,0.8921 +- 0.0000,0.8888 +- 0.5418
a,instance_0013,simple_similar_multi_smaller,10,0.8921 +- 0.0000,0.7502 +- 0.3726
a,instance_0013,simple_similar_simple_bigger,10,0.8936 +- 0.0000,3.6771 +- 2.6947
a,instance_0013,simple_similar_simple_most_shared,10,0.8936 +- 0.0000,3.4511 +- 2.3710
a,instance_0013,simple_similar_simple_random,10,0.8936 +- 0.0000,3.2976 +- 2.4127
a,instance_0013,simple_similar_simple_smaller,10,0.8936 +- 0.0000,3.6346 +- 2.7163
a,instance_0013,simple_similar_weighted_exact_bigger,5,0.8921 +- 0.0000,0.2415 +- 0.0189
a,instance_0013,simple_similar_weighted_exact_most_shared,5,0.8921 +- 0.0000,0.2465 +- 0.0106
a,instance_0013,simple_similar_weighted_exact_random,5,0.8921 +- 0.0000,0.2378 +- 0.0155
a,instance_0013,simple_similar_weighted_exact_smaller,5,0.8921 +- 0.0000,0.2298 +- 0.0227
a,instance_0013,simple_similar_weighted_multi_bigger,10,0.8921 +- 0.0000,0.7471 +- 0.3807
a,instance_0013,simple_similar_weighted_multi_most_shared,10,0.8921 +- 0.0000,0.7759 +- 0.3982
a,instance_0013,simple_similar_weighted_multi_random,10,0.8921 +- 0.0000,0.7278 +- 0.3597
a,instance_0013,simple_similar_weighted_multi_smaller,10,0.8921 +- 0.0000,0.7178 +- 0.3885
a,instance_0013,simple_similar_weighted_simple_bigger,10,0.8936 +- 0.0000,2.8610 +- 1.9393
a,instance_0013,simple_similar_weighted_simple_most_shared,10,0.8936 +- 0.0000,2.9210 +- 1.9545
a,instance_0013,simple_similar_weighted_simple_random,10,0.8936 +- 0.0000,2.8650 +- 1.8602
a,instance_0013,simple_similar_weighted_simple_smaller,10,0.8936 +- 0.0000,2.9162 +- 1.9209
a,instance_0014,simple_asc_exact,5,0.8879 +- 0.0000,0.6001 +- 0.1610
a,instance_0014,simple_asc_multi,10,0.8879 +- 0.0000,1.3207 +- 0.8336
a,instance_0014,simple_asc_simple,10,0.8885 +- 0.0000,7.6662 +- 5.5774
a,instance_0014,simple_desc_exact,5,0.8876 +- 0.0000,0.4128 +- 0.0774
a,instance_0014,simple_desc_multi,10,0.8876 +- 0.0000,1.2357 +- 0.7830
a,instance_0014,simple_desc_simple,10,0.8885 +- 0.0000,5.3507 +- 3.9418
a,instance_0014,simple_diff_exact_bigger,5,0.8876 +- 0.0000,0.5134 +- 0.1451
a,instance_0014,simple_diff_exact_most_shared,5,0.8876 +- 0.0000,0.5007 +- 0.1088
a,instance_0014,simple_diff_exact_random,5,0.8876 +- 0.0000,0.4566 +- 0.0928
a,instance_0014,simple_diff_exact_smaller,5,0.8876 +- 0.0000,0.4127 +- 0.0550
a,instance_0014,simple_diff_multi_bigger,10,0.8876 +- 0.0000,1.1977 +- 0.6596
a,instance_0014,simple_diff_multi_most_shared,10,0.8876 +- 0.0000,1.1846 +- 0.6227
a,instance_0014,simple_diff_multi_random,10,0.8876 +- 0.0000,1.5395 +- 1.0714
a,instance_0014,simple_diff_multi_smaller,10,0.8876 +- 0.0000,1.2656 +- 0.7461
a,instance_0014,simple_diff_simple_bigger,10,0.8885 +- 0.0000,6.0568 +- 4.4924
a,instance_0014,simple_diff_simple_most_shared,10,0.8885 +- 0.0000,6.5828 +- 4.9114
a,instance_0014,simple_diff_simple_random,10,0.8885 +- 0.0000,6.4288 +- 4.7336
a,instance_0014,simple_diff_simple_smaller,10,0.8885 +- 0.0000,6.3801 +- 4.5842
a,instance_0014,simple_diff_weighted_exact_bigger,5,0.8876 +- 0.0000,0.4614 +- 0.0514
a,instance_0014,simple_diff_weighted_exact_most_shared,5,0.8876 +- 0.0000,0.3964 +- 0.0396
a,instance_0014,simple_diff_weighted_exact_random,5,0.8876 +- 0.0000,0.6121 +- 0.1032
a,instance_0014,simple_diff_weighted_exact_smaller,5,0.8876 +- 0.0000,0.5824 +- 0.0513
a,instance_0014,simple_diff_weighted_multi_bigger,10,0.8876 +- 0.0000,1.4511 +- 0.9581
a,instance_0014,simple_diff_weighted_multi_most_shared,10,0.8876 +- 0.0000,1.5751 +- 1.0706
a,instance_0014,simple_diff_weighted_multi_random,10,0.8876 +- 0.0000,1.1784 +- 0.6822
a,instance_0014,simple_diff_weighted_multi_smaller,10,0.8876 +- 0.0000,1.3122 +- 0.8164
a,instance_0014,simple_diff_weighted_simple_bigger,10,0.8885 +- 0.0000,6.2479 +- 4.6871
a,instance_0014,simple_diff_weighted_simple_most_shared,10,0.8885 +- 0.0000,7.1770 +- 5.5634
a,instance_0014,simple_diff_weighted_simple_random,10,0.8885 +- 0.0000,5.8125 +- 4.0495
a,instance_0014,simple_diff_weighted_simple_smaller,10,0.8885 +- 0.0000,5.6256 +- 3.9954
a,instance_0014,simple_random_exact,5,0.8868 +- 0.0006,0.3735 +- 0.0537
a,instance_0014,simple_random_multi,10,0.8869 +- 0.0006,1.2128 +- 0.7045
a,instance_0014,simple_random_simple,10,0.8878 +- 0.0008,5.9306 +- 4.2837
a,instance_0014,simple_similar_exact_bigger,5,0.8876 +- 0.0000,0.4369 +- 0.0372
a,instance_0014,simple_similar_exact_most_shared,5,0.8876 +- 0.0000,0.5027 +- 0.0720
a,instance_0014,simple_similar_exact_random,5,0.8876 +- 0.0000,0.4075 +- 0.0561
a,instance_0014,simple_similar_exact_smaller,5,0.8876 +- 0.0000,0.4172 +- 0.0484
a,instance_0014,simple_similar_multi_bigger,10,0.8876 +- 0.0000,1.1675 +- 0.6417
a,instance_0014,simple_similar_multi_most_shared,10,0.8876 +- 0.0000,1.2012 +- 0.5743
a,instance_0014,simple_similar_multi_random,10,0.8876 +- 0.0000,1.1731 +- 0.5984
a,instance_0014,simple_similar_multi_smaller,10,0.8876 +- 0.0000,1.1548 +- 0.6188
a,instance_0014,simple_similar_simple_bigger,10,0.8885 +- 0.0000,6.0828 +- 4.3067
a,instance_0014,simple_similar_simple_most_shared,10,0.8885 +- 0.0000,5.7605 +- 4.0665
a,instance_0014,simple_similar_simple_random,10,0.8885 +- 0.0000,6.9878 +- 5.3294
a,instance_0014,simple_similar_simple_smaller,10,0.8885 +- 0.0000,6.9728 +- 5.3279
a,instance_0014,simple_similar_weighted_exact_bigger,5,0.8876 +- 0.0000,0.4474 +- 0.0984
a,instance_0014,simple_similar_weighted_exact_most_shared,5,0.8876 +- 0.0000,0.4269 +- 0.0245
a,instance_0014,simple_similar_weighted_exact_random,5,0.8876 +- 0.0000,0.4558 +- 0.0801
a,instance_0014,simple_similar_weighted_exact_smaller,5,0.8876 +- 0.0000,0.3869 +- 0.0493
a,instance_0014,simple_similar_weighted_multi_bigger,10,0.8876 +- 0.0000,1.2654 +- 0.6221
a,instance_0014,simple_similar_weighted_multi_most_shared,10,0.8876 +- 0.0000,1.2097 +- 0.5969
a,instance_0014,simple_similar_weighted_multi_random,10,0.8876 +- 0.0000,1.4628 +- 1.0032
a,instance_0014,simple_similar_weighted_multi_smaller,10,0.8876 +- 0.0000,1.5510 +- 1.0504
a,instance_0014,simple_similar_weighted_simple_bigger,10,0.8885 +- 0.0000,6.3955 +- 4.7262
a,instance_0014,simple_similar_weighted_simple_most_shared,10,0.8885 +- 0.0000,6.5881 +- 5.0239
a,instance_0014,simple_similar_weighted_simple_random,10,0.8885 +- 0.0000,5.8684 +- 4.1266
a,instance_0014,simple_similar_weighted_simple_smaller,10,0.8885 +- 0.0000,5.9653 +- 4.1940
a,instance_0015,simple_asc_exact,5,0.9275 +- 0.0000,0.2104 +- 0.0212
a,instance_0015,simple_asc_multi,10,0.9278 +- 0.0000,0.7044 +- 0.4145
a,instance_0015,simple_asc_simple,10,0.9304 +- 0.0000,2.8628 +- 2.0240
a,instance_0015,simple_desc_exact,5,0.9273 +- 0.0000,0.1676 +- 0.0212
a,instance_0015,simple_desc_multi,10,0.9280 +- 0.0000,0.6611 +- 0.4258
a,instance_0015,simple_desc_simple,10,0.9302 +- 0.0000,1.6235 +- 1.1105
a,instance_0015,simple_diff_exact_bigger,5,0.9273 +- 0.0000,0.2559 +- 0.0353
a,instance_0015,simple_diff_exact_most_shared,5,0.9275 +- 0.0000,0.2294 +- 0.0258
a,instance_0015,simple_diff_exact_random,5,0.9275 +- 0.0000,0.3339 +- 0.0729
a,instance_0015,simple_diff_exact_smaller,5,0.9275 +- 0.0000,0.3260 +- 0.0898
a,instance_0015,simple_diff_multi_bigger,10,0.9275 +- 0.0000,1.0028 +- 0.6984
a,instance_0015,simple_diff_multi_most_shared,10,0.9282 +- 0.0000,0.9315 +- 0.6414
a,instance_0015,simple_diff_multi_random,10,0.9282 +- 0.0000,1.0021 +- 0.7180
a,instance_0015,simple_diff_multi_smaller,10,0.9282 +- 0.0000,0.9965 +- 0.7501
a,instance_0015,simple_diff_simple_bigger,10,0.9310 +- 0.0000,3.0203 +- 2.4296
a,instance_0015,simple_diff_simple_most_shared,10,0.9308 +- 0.0000,3.3220 +- 2.6106
a,instance_0015,simple_diff_simple_random,10,0.9308 +- 0.0000,2.7426 +- 1.9894
a,instance_0015,simple_diff_simple_smaller,10,0.9308 +- 0.0000,2.8345 +- 2.1011
a,instance_0015,simple_diff_weighted_exact_bigger,5,0.9273 +- 0.0000,0.2488 +- 0.0313
a,instance_0015,simple_diff_weighted_exact_most_shared,5,0.9275 +- 0.0000,0.2491 +- 0.0188
a,instance_0015,simple_diff_weighted_exact_random,5,0.9275 +- 0.0000,0.2146 +- 0.0291
a,instance_0015,simple_diff_weighted_exact_smaller,5,0.9275 +- 0.0000,0.2200 +- 0.0184
a,instance_0015,simple_diff_weighted_multi_bigger,10,0.9275 +- 0.0000,0.7600 +- 0.4545
a,instance_0015,simple_diff_weighted_multi_most_shared,10,0.9282 +- 0.0000,0.7455 +- 0.4799
a,instance_0015,simple_diff_weighted_multi_random,10,0.9282 +- 0.0000,0.7186 +- 0.4384
a,instance_0015,simple_diff_weighted_multi_smaller,10,0.9282 +- 0.0000,0.7567 +- 0.5173
a,instance_0015,simple_diff_weighted_simple_bigger,10,0.9310 +- 0.0000,2.3442 +- 1.7010
a,instance_0015,simple_diff_weighted_simple_most_shared,10,0.9308 +- 0.0000,2.4160 +- 1.6144
a,instance_0015,simple_diff_weighted_simple_random,10,0.9308 +- 0.0000,2.3664 +- 1.6013
a,instance_0015,simple_diff_weighted_simple_smaller,10,0.9308 +- 0.0000,2.4305 +- 1.7218
a,instance_0015,simple_random_exact,5,0.9280 +- 0.0014,0.1833 +- 0.0204
a,instance_0015,simple_random_multi,10,0.9282 +- 0.0013,0.6781 +- 0.3848
a,instance_0015,simple_random_simple,10,0.9302 +- 0.0009,2.3662 +- 1.6440
a,instance_0015,simple_similar_exact_bigger,5,0.9278 +- 0.0000,0.2351 +- 0.0228
a,instance_0015,simple_similar_exact_most_shared,5,0.9275 +- 0.0000,0.2485 +- 0.0297
a,instance_0015,simple_similar_exact_random,5,0.9275 +- 0.0000,0.2577 +- 0.0283
a,instance_0015,simple_similar_exact_smaller,5,0.9275 +- 0.0000,0.2221 +- 0.0286
a,instance_0015,simple_similar_multi_bigger,10,0.9282 +- 0.0000,0.7111 +- 0.4081
a,instance_0015,simple_similar_multi_most_shared,10,0.9282 +- 0.0000,0.7542 +- 0.4586
a,instance_0015,simple_similar_multi_random,10,0.9282 +- 0.0000,0.7205 +- 0.4407
a,instance_0015,simple_similar_multi_smaller,10,0.9282 +- 0.0000,0.7413 +- 0.4769
a,instance_0015,simple_similar_simple_bigger,10,0.9308 +- 0.0000,2.3590 +- 1.6811
a,instance_0015,simple_similar_simple_most_shared,10,0.9308 +- 0.0000,2.3050 +- 1.5920
a,instance_0015,simple_similar_simple_random,10,0.9308 +- 0.0000,2.4786 +- 1.6919
a,instance_0015,simple_similar_simple_smaller,10,0.9308 +- 0.0000,2.4346 +- 1.6907
a,instance_0015,simple_similar_weighted_exact_bigger,5,0.9278 +- 0.0000,0.1995 +- 0.0286
a,instance_0015,simple_similar_weighted_exact_most_shared,5,0.9275 +- 0.0000,0.2405 +- 0.0357
a,instance_0015,simple_similar_weighted_exact_random,5,0.9275 +- 0.0000,0.1878 +- 0.0203
a,instance_0015,simple_similar_weighted_exact_smaller,5,0.9275 +- 0.0000,0.2077 +- 0.0199
a,instance_0015,simple_similar_weighted_multi_bigger,10,0.9282 +- 0.0000,0.6973 +- 0.4078
a,instance_0015,simple_similar_weighted_multi_most_shared,10,0.9282 +- 0.0000,0.7163 +- 0.4240
a,instance_0015,simple_similar_weighted_multi_random,10,0.9282 +- 0.0000,0.7027 +- 0.4117
a,instance_0015,simple_similar_weighted_multi_smaller,10,0.9282 +- 0.0000,0.6675 +- 0.3998
a,instance_0015,simple_similar_weighted_simple_bigger,10,0.9308 +- 0.0000,2.2181 +- 1.5423
a,instance_0015,simple_similar_weighted_simple_most_shared,10,0.9308 +- 0.0000,2.2258 +- 1.5385
a,instance_0015,simple_similar_weighted_simple_random,10,0.9308 +- 0.0000,2.4225 +- 1.5606
a,instance_0015,simple_similar_weighted_simple_smaller,10,0.9308 +- 0.0000,2.4034 +- 1.6226
a,instance_0016,simple_asc_exact,5,0.8863 +- 0.0000,0.0324 +- 0.0082
a,instance_0016,simple_asc_multi,10,0.8863 +- 0.0000,0.0223 +- 0.0087
a,instance_0016,simple_asc_simple,10,0.8909 +- 0.0000,0.1069 +- 0.0689
a,instance_0016,simple_desc_exact,5,0.8863 +- 0.0000,0.0260 +- 0.0014
a,instance_0016,simple_desc_multi,10,0.8863 +- 0.0000,0.0216 +- 0.0141
a,instance_0016,simple_desc_simple,10,0.8909 +- 0.0000,0.1039 +- 0.0735
a,instance_0016,simple_diff_exact_bigger,5,0.8863 +- 0.0000,0.0394 +- 0.0083
a,instance_0016,simple_diff_exact_most_shared,5,0.8879 +- 0.0000,0.0429 +- 0.0060
a,instance_0016,simple_diff_exact_random,5,0.8863 +- 0.0000,0.0441 +- 0.0139
a,instance_0016,simple_diff_exact_smaller,5,0.8863 +- 0.0000,0.0331 +- 0.0036
a,instance_0016,simple_diff_multi_bigger,10,0.8863 +- 0.0000,0.0265 +- 0.0180
a,instance_0016,simple_diff_multi_most_shared,10,0.8879 +- 0.0000,0.0251 +- 0.0169
a,instance_0016,simple_diff_multi_random,10,0.8863 +- 0.0000,0.0243 +- 0.0156
a,instance_0016,simple_diff_multi_smaller,10,0.8863 +- 0.0000,0.0242 +- 0.0175
a,instance_0016,simple_diff_simple_bigger,10,0.8909 +- 0.0000,0.1298 +- 0.0935
a,instance_0016,simple_diff_simple_most_shared,10,0.8924 +- 0.0000,0.1401 +- 0.1116
a,instance_0016,simple_diff_simple_random,10,0.8909 +- 0.0000,0.1385 +- 0.1074
a,instance_0016,simple_diff_simple_smaller,10,0.8909 +- 0.0000,0.1224 +- 0.0926
a,instance_0016,simple_diff_weighted_exact_bigger,5,0.8863 +- 0.0000,0.0407 +- 0.0070
a,instance_0016,simple_diff_weighted_exact_most_shared,5,0.8879 +- 0.0000,0.0381 +- 0.0057
a,instance_0016,simple_diff_weighted_exact_random,5,0.8863 +- 0.0000,0.0351 +- 0.0054
a,instance_0016,simple_diff_weighted_exact_smaller,5,0.8863 +- 0.0000,0.0337 +- 0.0036
a,instance_0016,simple_diff_weighted_multi_bigger,10,0.8863 +- 0.0000,0.0234 +- 0.0150
a,instance_0016,simple_diff_weighted_multi_most_shared,10,0.8879 +- 0.0000,0.0268 +- 0.0206
a,instance_0016,simple_diff_weighted_multi_random,10,0.8863 +- 0.0000,0.0235 +- 0.0135
a,instance_0016,simple_diff_weighted_multi_smaller,10,0.8863 +- 0.0000,0.0250 +- 0.0177
a,instance_0016,simple_diff_weighted_simple_bigger,10,0.8909 +- 0.0000,0.1309 +- 0.1003
a,instance_0016,simple_diff_weighted_simple_most_shared,10,0.8924 +- 0.0000,0.1249 +- 0.0910
a,instance_0016,simple_diff_weighted_simple_random,10,0.8909 +- 0.0000,0.1388 +- 0.1077
a,instance_0016,simple_diff_weighted_simple_smaller,10,0.8909 +- 0.0000,0.1324 +- 0.1004
a,instance_0016,simple_random_exact,5,0.8878 +- 0.0033,0.0323 +- 0.0016
a,instance_0016,simple_random_multi,10,0.8881 +- 0.0035,0.0189 +- 0.0114
a,instance_0016,simple_random_simple,10,0.8909 +- 0.0022,0.1049 +- 0.0763
a,instance_0016,simple_similar_exact_bigger,5,0.8863 +- 0.0000,0.0396 +- 0.0047
a,instance_0016,simple_similar_exact_most_shared,5,0.8863 +- 0.0000,0.0428 +- 0.0045
a,instance_0016,simple_similar_exact_random,5,0.8863 +- 0.0000,0.0397 +- 0.0040
a,instance_0016,simple_similar_exact_smaller,5,0.8863 +- 0.0000,0.0412 +- 0.0062
a,instance_0016,simple_similar_multi_bigger,10,0.8863 +- 0.0000,0.0238 +- 0.0168
a,instance_0016,simple_similar_multi_most_shared,10,0.8863 +- 0.0000,0.0261 +- 0.0201
a,instance_0016,simple_similar_multi_random,10,0.8863 +- 0.0000,0.0248 +- 0.0195
a,instance_0016,simple_similar_multi_smaller,10,0.8863 +- 0.0000,0.0264 +- 0.0200
a,instance_0016,simple_similar_simple_bigger,10,0.8909 +- 0.0000,0.1232 +- 0.0923
a,instance_0016,simple_similar_simple_most_shared,10,0.8909 +- 0.0000,0.1371 +- 0.1092
a,instance_0016,simple_similar_simple_random,10,0.8909 +- 0.0000,0.1154 +- 0.0862
a,instance_0016,simple_similar_simple_smaller,10,0.8909 +- 0.0000,0.1318 +- 0.1047
a,instance_0016,simple_similar_weighted_exact_bigger,5,0.8863 +- 0.0000,0.0436 +- 0.0119
a,instance_0016,simple_similar_weighted_exact_most_shared,5,0.8863 +- 0.0000,0.0369 +- 0.0061
a,instance_0016,simple_similar_weighted_exact_random,5,0.8863 +- 0.0000,0.0405 +- 0.0021
a,instance_0016,simple_similar_weighted_exact_smaller,5,0.8863 +- 0.0000,0.0387 +- 0.0060
a,instance_0016,simple_similar_weighted_multi_bigger,10,0.8863 +- 0.0000,0.0318 +- 0.0268
a,instance_0016,simple_similar_weighted_multi_most_shared,10,0.8863 +- 0.0000,0.0280 +- 0.0209
a,instance_0016,simple_similar_weighted_multi_random,10,0.8863 +- 0.0000,0.0285 +- 0.0233
a,instance_0016,simple_similar_weighted_multi_smaller,10,0.8863 +- 0.0000,0.0292 +- 0.0205
a,instance_0016,simple_similar_weighted_simple_bigger,10,0.8909 +- 0.0000,0.1266 +- 0.0946
a,instance_0016,simple_similar_weighted_simple_most_shared,10,0.8909 +- 0.0000,0.1390 +- 0.1074
a,instance_0016,simple_similar_weighted_simple_random,10,0.8909 +- 0.0000,0.1200 +- 0.0852
a,instance_0016,simple_similar_weighted_simple_smaller,10,0.8909 +- 0.0000,0.1274 +- 0.0922
a,instance_0017,simple_asc_exact,5,0.9041 +- 0.0000,0.0230 +- 0.0040
a,instance_0017,simple_asc_multi,10,0.9060 +- 0.0000,0.0077 +- 0.0037
a,instance_0017,simple_asc_simple,10,0.9144 +- 0.0000,0.0256 +- 0.0207
a,instance_0017,simple_desc_exact,5,0.9041 +- 0.0000,0.0170 +- 0.0035
a,instance_0017,simple_desc_multi,10,0.9060 +- 0.0000,0.0111 +- 0.0077
a,instance_0017,simple_desc_simple,10,0.9144 +- 0.0000,0.0242 +- 0.0184
a,instance_0017,simple_diff_exact_bigger,5,0.9041 +- 0.0000,0.0226 +- 0.0038
a,instance_0017,simple_diff_exact_most_shared,5,0.9041 +- 0.0000,0.0290 +- 0.0050
a,instance_0017,simple_diff_exact_random,5,0.9041 +- 0.0000,0.0221 +- 0.0037
a,instance_0017,simple_diff_exact_smaller,5,0.9041 +- 0.0000,0.0222 +- 0.0045
a,instance_0017,simple_diff_multi_bigger,10,0.9060 +- 0.0000,0.0082 +- 0.0057
a,instance_0017,simple_diff_multi_most_shared,10,0.9060 +- 0.0000,0.0083 +- 0.0061
a,instance_0017,simple_diff_multi_random,10,0.9060 +- 0.0000,0.0087 +- 0.0057
a,instance_0017,simple_diff_multi_smaller,10,0.9060 +- 0.0000,0.0095 +- 0.0099
a,instance_0017,simple_diff_simple_bigger,10,0.9144 +- 0.0000,0.0312 +- 0.0266
a,instance_0017,simple_diff_simple_most_shared,10,0.9144 +- 0.0000,0.0343 +- 0.0327
a,instance_0017,simple_diff_simple_random,10,0.9141 +- 0.0007,0.0300 +- 0.0241
a,instance_0017,simple_diff_simple_smaller,10,0.9144 +- 0.0000,0.0303 +- 0.0228
a,instance_0017,simple_diff_weighted_exact_bigger,5,0.9041 +- 0.0000,0.0273 +- 0.0094
a,instance_0017,simple_diff_weighted_exact_most_shared,5,0.9041 +- 0.0000,0.0298 +- 0.0072
a,instance_0017,simple_diff_weighted_exact_random,5,0.9041 +- 0.0000,0.0226 +- 0.0029
a,instance_0017,simple_diff_weighted_exact_smaller,5,0.9041 +- 0.0000,0.0258 +- 0.0080
a,instance_0017,simple_diff_weighted_multi_bigger,10,0.9060 +- 0.0000,0.0091 +- 0.0081
a,instance_0017,simple_diff_weighted_multi_most_shared,10,0.9060 +- 0.0000,0.0094 +- 0.0077
a,instance_0017,simple_diff_weighted_multi_random,10,0.9060 +- 0.0000,0.0088 +- 0.0058
a,instance_0017,simple_diff_weighted_multi_smaller,10,0.9060 +- 0.0000,0.0079 +- 0.0058
a,instance_0017,simple_diff_weighted_simple_bigger,10,0.9144 +- 0.0000,0.0323 +- 0.0266
a,instance_0017,simple_diff_weighted_simple_most_shared,10,0.9144 +- 0.0000,0.0291 +- 0.0240
a,instance_0017,simple_diff_weighted_simple_random,10,0.9141 +- 0.0007,0.0310 +- 0.0238
a,instance_0017,simple_diff_weighted_simple_smaller,10,0.9144 +- 0.0000,0.0292 +- 0.0214
a,instance_0017,simple_random_exact,5,0.8951 +- 0.0057,0.0206 +- 0.0024
a,instance_0017,simple_random_multi,10,0.8968 +- 0.0061,0.0077 +- 0.0064
a,instance_0017,simple_random_simple,10,0.9014 +- 0.0064,0.0278 +- 0.0228
a,instance_0017,simple_similar_exact_bigger,5,0.9041 +- 0.0000,0.0247 +- 0.0066
a,instance_0017,simple_similar_exact_most_shared,5,0.9041 +- 0.0000,0.0287 +- 0.0058
a,instance_0017,simple_similar_exact_random,5,0.9045 +- 0.0008,0.0212 +- 0.0083
a,instance_0017,simple_similar_exact_smaller,5,0.9041 +- 0.0000,0.0254 +- 0.0062
a,instance_0017,simple_similar_multi_bigger,10,0.9060 +- 0.0000,0.0094 +- 0.0072
a,instance_0017,simple_similar_multi_most_shared,10,0.9060 +- 0.0000,0.0082 +- 0.0051
a,instance_0017,simple_similar_multi_random,10,0.9064 +- 0.0008,0.0084 +- 0.0047
a,instance_0017,simple_similar_multi_smaller,10,0.9060 +- 0.0000,0.0094 +- 0.0080
a,instance_0017,simple_similar_simple_bigger,10,0.9144 +- 0.0000,0.0280 +- 0.0232
a,instance_0017,simple_similar_simple_most_shared,10,0.9159 +- 0.0000,0.0305 +- 0.0265
a,instance_0017,simple_similar_simple_random,10,0.9144 +- 0.0014,0.0253 +- 0.0188
a,instance_0017,simple_similar_simple_smaller,10,0.9144 +- 0.0000,0.0292 +- 0.0220
a,instance_0017,simple_similar_weighted_exact_bigger,5,0.9041 +- 0.0000,0.0237 +- 0.0041
a,instance_0017,simple_similar_weighted_exact_most_shared,5,0.9041 +- 0.0000,0.0268 +- 0.0058
a,instance_0017,simple_similar_weighted_exact_random,5,0.9045 +- 0.0008,0.0240 +- 0.0030
a,instance_0017,simple_similar_weighted_exact_smaller,5,0.9041 +- 0.0000,0.0271 +- 0.0083
a,instance_0017,simple_similar_weighted_multi_bigger,10,0.9060 +- 0.0000,0.0080 +- 0.0050
a,instance_0017,simple_similar_weighted_multi_most_shared,10,0.9060 +- 0.0000,0.0087 +- 0.0060
a,instance_0017,simple_similar_weighted_multi_random,10,0.9064 +- 0.0008,0.0108 +- 0.0084
a,instance_0017,simple_similar_weighted_multi_smaller,10,0.9060 +- 0.0000,0.0079 +- 0.0055
a,instance_0017,simple_similar_weighted_simple_bigger,10,0.9144 +- 0.0000,0.0296 +- 0.0224
a,instance_0017,simple_similar_weighted_simple_most_shared,10,0.9159 +- 0.0000,0.0308 +- 0.0244
a,instance_0017,simple_similar_weighted_simple_random,10,0.9144 +- 0.0014,0.0280 +- 0.0217
a,instance_0017,simple_similar_weighted_simple_smaller,10,0.9144 +- 0.0000,0.0334 +- 0.0268
a,instance_0018,simple_asc_exact,5,0.8761 +- 0.0000,0.0637 +- 0.0129
a,instance_0018,simple_asc_multi,10,0.8761 +- 0.0000,0.0515 +- 0.0297
a,instance_0018,simple_asc_simple,10,0.8776 +- 0.0000,0.2425 +- 0.1862
a,instance_0018,simple_desc_exact,5,0.8699 +- 0.0000,0.0475 +- 0.0060
a,instance_0018,simple_desc_multi,10,0.8699 +- 0.0000,0.0456 +- 0.0362
a,instance_0018,simple_desc_simple,10,0.8699 +- 0.0000,0.1751 +- 0.1286
a,instance_0018,simple_diff_exact_bigger,5,0.8761 +- 0.0000,0.0715 +- 0.0129
a,instance_0018,simple_diff_exact_most_shared,5,0.8761 +- 0.0000,0.0583 +- 0.0065
a,instance_0018,simple_diff_exact_random,5,0.8761 +- 0.0000,0.1139 +- 0.0360
a,instance_0018,simple_diff_exact_smaller,5,0.8761 +- 0.0000,0.0680 +- 0.0074
a,instance_0018,simple_diff_multi_bigger,10,0.8761 +- 0.0000,0.0493 +- 0.0374
a,instance_0018,simple_diff_multi_most_shared,10,0.8761 +- 0.0000,0.0687 +- 0.0633
a,instance_0018,simple_diff_multi_random,10,0.8761 +- 0.0000,0.0579 +- 0.0418
a,instance_0018,simple_diff_multi_smaller,10,0.8761 +- 0.0000,0.0656 +- 0.0518
a,instance_0018,simple_diff_simple_bigger,10,0.8776 +- 0.0000,0.2287 +- 0.1750
a,instance_0018,simple_diff_simple_most_shared,10,0.8776 +- 0.0000,0.2302 +- 0.1719
a,instance_0018,simple_diff_simple_random,10,0.8776 +- 0.0000,0.2315 +- 0.1698
a,instance_0018,simple_diff_simple_smaller,10,0.8776 +- 0.0000,0.2320 +- 0.1796
a,instance_0018,simple_diff_weighted_exact_bigger,5,0.8761 +- 0.0000,0.0583 +- 0.0045
a,instance_0018,simple_diff_weighted_exact_most_shared,5,0.8761 +- 0.0000,0.0637 +- 0.0063
a,instance_0018,simple_diff_weighted_exact_random,5,0.8761 +- 0.0000,0.0715 +- 0.0243
a,instance_0018,simple_diff_weighted_exact_smaller,5,0.8761 +- 0.0000,0.0547 +- 0.0090
a,instance_0018,simple_diff_weighted_multi_bigger,10,0.8761 +- 0.0000,0.0466 +- 0.0349
a,instance_0018,simple_diff_weighted_multi_most_shared,10,0.8761 +- 0.0000,0.0529 +- 0.0335
a,instance_0018,simple_diff_weighted_multi_random,10,0.8761 +- 0.0000,0.0484 +- 0.0291
a,instance_0018,simple_diff_weighted_multi_smaller,10,0.8761 +- 0.0000,0.0501 +- 0.0351
a,instance_0018,simple_diff_weighted_simple_bigger,10,0.8776 +- 0.0000,0.2458 +- 0.1971
a,instance_0018,simple_diff_weighted_simple_most_shared,10,0.8776 +- 0.0000,0.2260 +- 0.1714
a,instance_0018,simple_diff_weighted_simple_random,10,0.8776 +- 0.0000,0.2453 +- 0.1810
a,instance_0018,simple_diff_weighted_simple_smaller,10,0.8776 +- 0.0000,0.2574 +- 0.2026
a,instance_0018,simple_random_exact,5,0.8727 +- 0.0026,0.0550 +- 0.0104
a,instance_0018,simple_random_multi,10,0.8727 +- 0.0025,0.0484 +- 0.0331
a,instance_0018,simple_random_simple,10,0.8730 +- 0.0028,0.2138 +- 0.1673
a,instance_0018,simple_similar_exact_bigger,5,0.8761 +- 0.0000,0.0601 +- 0.0119
a,instance_0018,simple_similar_exact_most_shared,5,0.8761 +- 0.0000,0.0711 +- 0.0313
a,instance_0018,simple_similar_exact_random,5,0.8761 +- 0.0000,0.0603 +- 0.0113
a,instance_0018,simple_similar_exact_smaller,5,0.8761 +- 0.0000,0.0583 +- 0.0059
a,instance_0018,simple_similar_multi_bigger,10,0.8761 +- 0.0000,0.0594 +- 0.0438
a,instance_0018,simple_similar_multi_most_shared,10,0.8761 +- 0.0000,0.0561 +- 0.0431
a,instance_0018,simple_similar_multi_random,10,0.8761 +- 0.0000,0.0521 +- 0.0387
a,instance_0018,simple_similar_multi_smaller,10,0.8761 +- 0.0000,0.0524 +- 0.0361
a,instance_0018,simple_similar_simple_bigger,10,0.8776 +- 0.0000,0.2534 +- 0.1884
a,instance_0018,simple_similar_simple_most_shared,10,0.8776 +- 0.0000,0.2142 +- 0.1719
a,instance_0018,simple_similar_simple_random,10,0.8776 +- 0.0000,0.2226 +- 0.1668
a,instance_0018,simple_similar_simple_smaller,10,0.8776 +- 0.0000,0.2419 +- 0.1805
a,instance_0018,simple_similar_weighted_exact_bigger,5,0.8761 +- 0.0000,0.0811 +- 0.0402
a,instance_0018,simple_similar_weighted_exact_most_shared,5,0.8761 +- 0.0000,0.0801 +- 0.0185
a,instance_0018,simple_similar_weighted_exact_random,5,0.8761 +- 0.0000,0.0559 +- 0.0080
a,instance_0018,simple_similar_weighted_exact_smaller,5,0.8761 +- 0.0000,0.0527 +- 0.0097
a,instance_0018,simple_similar_weighted_multi_bigger,10,0.8761 +- 0.0000,0.0516 +- 0.0343
a,instance_0018,simple_similar_weighted_multi_most_shared,10,0.8761 +- 0.0000,0.0576 +- 0.0335
a,instance_0018,simple_similar_weighted_multi_random,10,0.8761 +- 0.0000,0.0604 +- 0.0334
a,instance_0018,simple_similar_weighted_multi_smaller,10,0.8761 +- 0.0000,0.0498 +- 0.0294
a,instance_0018,simple_similar_weighted_simple_bigger,10,0.8776 +- 0.0000,0.2423 +- 0.1580
a,instance_0018,simple_similar_weighted_simple_most_shared,10,0.8776 +- 0.0000,0.2338 +- 0.1549
a,instance_0018,simple_similar_weighted_simple_random,10,0.8776 +- 0.0000,0.2153 +- 0.1663
a,instance_0018,simple_similar_weighted_simple_smaller,10,0.8776 +- 0.0000,0.2337 +- 0.1629
a,instance_0019,simple_asc_exact,5,0.9520 +- 0.0000,0.0533 +- 0.0164
a,instance_0019,simple_asc_multi,10,0.9520 +- 0.0000,0.0711 +- 0.0429
a,instance_0019,simple_asc_simple,10,0.9533 +- 0.0000,0.2609 +- 0.1874
a,instance_0019,simple_desc_exact,5,0.9500 +- 0.0000,0.0411 +- 0.0096
a,instance_0019,simple_desc_multi,10,0.9500 +- 0.0000,0.0610 +- 0.0384
a,instance_0019,simple_desc_simple,10,0.9510 +- 0.0000,0.1327 +- 0.0841
a,instance_0019,simple_diff_exact_bigger,5,0.9510 +- 0.0000,0.0425 +- 0.0015
a,instance_0019,simple_diff_exact_most_shared,5,0.9505 +- 0.0000,0.0536 +- 0.0128
a,instance_0019,simple_diff_exact_random,5,0.9505 +- 0.0000,0.0473 +- 0.0049
a,instance_0019,simple_diff_exact_smaller,5,0.9505 +- 0.0000,0.0471 +- 0.0067
a,instance_0019,simple_diff_multi_bigger,10,0.9510 +- 0.0000,0.0692 +- 0.0518
a,instance_0019,simple_diff_multi_most_shared,10,0.9505 +- 0.0000,0.0659 +- 0.0415
a,instance_0019,simple_diff_multi_random,10,0.9505 +- 0.0000,0.0668 +- 0.0397
a,instance_0019,simple_diff_multi_smaller,10,0.9505 +- 0.0000,0.0813 +- 0.0644
a,instance_0019,simple_diff_simple_bigger,10,0.9529 +- 0.0000,0.2331 +- 0.1514
a,instance_0019,simple_diff_simple_most_shared,10,0.9529 +- 0.0000,0.2181 +- 0.1426
a,instance_0019,simple_diff_simple_random,10,0.9524 +- 0.0000,0.2092 +- 0.1367
a,instance_0019,simple_diff_simple_smaller,10,0.9524 +- 0.0000,0.2012 +- 0.1299
a,instance_0019,simple_diff_weighted_exact_bigger,5,0.9510 +- 0.0000,0.0420 +- 0.0079
a,instance_0019,simple_diff_weighted_exact_most_shared,5,0.9505 +- 0.0000,0.0562 +- 0.0130
a,instance_0019,simple_diff_weighted_exact_random,5,0.9505 +- 0.0000,0.0512 +- 0.0086
a,instance_0019,simple_diff_weighted_exact_smaller,5,0.9505 +- 0.0000,0.0479 +- 0.0107
a,instance_0019,simple_diff_weighted_multi_bigger,10,0.9510 +- 0.0000,0.0711 +- 0.0487
a,instance_0019,simple_diff_weighted_multi_most_shared,10,0.9505 +- 0.0000,0.0702 +- 0.0422
a,instance_0019,simple_diff_weighted_multi_random,10,0.9505 +- 0.0000,0.0715 +- 0.0475
a,instance_0019,simple_diff_weighted_multi_smaller,10,0.9505 +- 0.0000,0.0677 +- 0.0385
a,instance_0019,simple_diff_weighted_simple_bigger,10,0.9529 +- 0.0000,0.2150 +- 0.1425
a,instance_0019,simple_diff_weighted_simple_most_shared,10,0.9529 +- 0.0000,0.2196 +- 0.1442
a,instance_0019,simple_diff_weighted_simple_random,10,0.9524 +- 0.0000,0.2177 +- 0.1407
a,instance_0019,simple_diff_weighted_simple_smaller,10,0.9524 +- 0.0000,0.2097 +- 0.1383
a,instance_0019,simple_random_exact,5,0.9511 +- 0.0010,0.0621 +- 0.0120
a,instance_0019,simple_random_multi,10,0.9517 +- 0.0012,0.0856 +- 0.0641
a,instance_0019,simple_random_simple,10,0.9537 +- 0.0013,0.2670 +- 0.1936
a,instance_0019,simple_similar_exact_bigger,5,0.9505 +- 0.0000,0.0550 +- 0.0131
a,instance_0019,simple_similar_exact_most_shared,5,0.9505 +- 0.0000,0.0538 +- 0.0037
a,instance_0019,simple_similar_exact_random,5,0.9506 +- 0.0002,0.0532 +- 0.0112
a,instance_0019,simple_similar_exact_smaller,5,0.9505 +- 0.0000,0.0491 +- 0.0065
a,instance_0019,simple_similar_multi_bigger,10,0.9505 +- 0.0000,0.0682 +- 0.0361
a,instance_0019,simple_similar_multi_most_shared,10,0.9505 +- 0.0000,0.0704 +- 0.0382
a,instance_0019,simple_similar_multi_random,10,0.9506 +- 0.0002,0.0739 +- 0.0457
a,instance_0019,simple_similar_multi_smaller,10,0.9505 +- 0.0000,0.0682 +- 0.0479
a,instance_0019,simple_similar_simple_bigger,10,0.9529 +- 0.0000,0.2062 +- 0.1278
a,instance_0019,simple_similar_simple_most_shared,10,0.9524 +- 0.0000,0.2058 +- 0.1357
a,instance_0019,simple_similar_simple_random,10,0.9526 +- 0.0002,0.2038 +- 0.1345
a,instance_0019,simple_similar_simple_smaller,10,0.9529 +- 0.0000,0.2085 +- 0.1354
a,instance_0019,simple_similar_weighted_exact_bigger,5,0.9505 +- 0.0000,0.0507 +- 0.0029
a,instance_0019,simple_similar_weighted_exact_most_shared,5,0.9505 +- 0.0000,0.0514 +- 0.0116
a,instance_0019,simple_similar_weighted_exact_random,5,0.9506 +- 0.0002,0.0473 +- 0.0051
a,instance_0019,simple_similar_weighted_exact_smaller,5,0.9505 +- 0.0000,0.0461 +- 0.0053
a,instance_0019,simple_similar_weighted_multi_bigger,10,0.9505 +- 0.0000,0.0758 +- 0.0335
a,instance_0019,simple_similar_weighted_multi_most_shared,10,0.9505 +- 0.0000,0.0666 +- 0.0432
a,instance_0019,simple_similar_weighted_multi_random,10,0.9506 +- 0.0002,0.0709 +- 0.0453
a,instance_0019,simple_similar_weighted_multi_smaller,10,0.9505 +- 0.0000,0.0615 +- 0.0387
a,instance_0019,simple_similar_weighted_simple_bigger,10,0.9529 +- 0.0000,0.2024 +- 0.1185
a,instance_0019,simple_similar_weighted_simple_most_shared,10,0.9524 +- 0.0000,0.2151 +- 0.1409
a,instance_0019,simple_similar_weighted_simple_random,10,0.9526 +- 0.0002,0.2198 +- 0.1078
a,instance_0019,simple_similar_weighted_simple_smaller,10,0.9529 +- 0.0000,0.2062 +- 0.1410
a,instance_0020,simple_asc_exact,5,0.0000 +- 0.0000,0.0177 +- 0.0035
a,instance_0020,simple_asc_multi,10,0.0000 +- 0.0000,0.0001 +- 0.0001
a,instance_0020,simple_asc_simple,10,0.3333 +- 0.0000,0.0001 +- 0.0000
a,instance_0020,simple_desc_exact,5,0.2000 +- 0.0000,0.0150 +- 0.0014
a,instance_0020,simple_desc_multi,10,0.2000 +- 0.0000,0.0002 +- 0.0005
a,instance_0020,simple_desc_simple,10,0.2000 +- 0.0000,0.0001 +- 0.0000
a,instance_0020,simple_diff_exact_bigger,5,0.0000 +- 0.0000,0.0143 +- 0.0018
a,instance_0020,simple_diff_exact_most_shared,5,0.0000 +- 0.0000,0.0133 +- 0.0015
a,instance_0020,simple_diff_exact_random,5,0.0933 +- 0.1300,0.0130 +- 0.0016
a,instance_0020,simple_diff_exact_smaller,5,0.2000 +- 0.0000,0.0147 +- 0.0032
a,instance_0020,simple_diff_multi_bigger,10,0.0000 +- 0.0000,0.0001 +- 0.0001
a,instance_0020,simple_diff_multi_most_shared,10,0.0000 +- 0.0000,0.0001 +- 0.0000
a,instance_0020,simple_diff_multi_random,10,0.0933 +- 0.1225,0.0003 +- 0.0003
a,instance_0020,simple_diff_multi_smaller,10,0.2000 +- 0.0000,0.0001 +- 0.0000
a,instance_0020,simple_diff_simple_bigger,10,0.3333 +- 0.0000,0.0001 +- 0.0001
a,instance_0020,simple_diff_simple_most_shared,10,0.3333 +- 0.0000,0.0003 +- 0.0005
a,instance_0020,simple_diff_simple_random,10,0.2933 +- 0.0562,0.0001 +- 0.0001
a,instance_0020,simple_diff_simple_smaller,10,0.2000 +- 0.0000,0.0001 +- 0.0001
a,instance_0020,simple_diff_weighted_exact_bigger,5,0.0000 +- 0.0000,0.0127 +- 0.0020
a,instance_0020,simple_diff_weighted_exact_most_shared,5,0.0000 +- 0.0000,0.0101 +- 0.0013
a,instance_0020,simple_diff_weighted_exact_random,5,0.0933 +- 0.1300,0.0133 +- 0.0033
a,instance_0020,simple_diff_weighted_exact_smaller,5,0.2000 +- 0.0000,0.0133 +- 0.0030
a,instance_0020,simple_diff_weighted_multi_bigger,10,0.0000 +- 0.0000,0.0001 +- 0.0000
a,instance_0020,simple_diff_weighted_multi_most_shared,10,0.0000 +- 0.0000,0.0006 +- 0.0015
a,instance_0020,simple_diff_weighted_multi_random,10,0.0933 +- 0.1225,0.0001 +- 0.0001
a,instance_0020,simple_diff_weighted_multi_smaller,10,0.2000 +- 0.0000,0.0005 +- 0.0012
a,instance_0020,simple_diff_weighted_simple_bigger,10,0.3333 +- 0.0000,0.0001 +- 0.0001
a,instance_0020,simple_diff_weighted_simple_most_shared,10,0.3333 +- 0.0000,0.0001 +- 0.0001
a,instance_0020,simple_diff_weighted_simple_random,10,0.2933 +- 0.0562,0.0001 +- 0.0001
a,instance_0020,simple_diff_weighted_simple_smaller,10,0.2000 +- 0.0000,0.0001 +- 0.0000
a,instance_0020,simple_random_exact,5,0.1200 +- 0.1095,0.0143 +- 0.0026
a,instance_0020,simple_random_multi,10,0.2000 +- 0.1886,0.0001 +- 0.0001
a,instance_0020,simple_random_simple,10,0.3333 +- 0.0770,0.0001 +- 0.0000
a,instance_0020,simple_similar_exact_bigger,5,0.2000 +- 0.0000,0.0153 +- 0.0031
a,instance_0020,simple_similar_exact_most_shared,5,0.2000 +- 0.0000,0.0158 +- 0.0044
a,instance_0020,simple_similar_exact_random,5,0.2000 +- 0.0000,0.0138 +- 0.0022
a,instance_0020,simple_similar_exact_smaller,5,0.0000 +- 0.0000,0.0138 +- 0.0034
a,instance_0020,simple_similar_multi_bigger,10,0.2000 +- 0.0000,0.0001 +- 0.0000
a,instance_0020,simple_similar_multi_most_shared,10,0.2000 +- 0.0000,0.0001 +- 0.0001
a,instance_0020,simple_similar_multi_random,10,0.2400 +- 0.0843,0.0001 +- 0.0001
a,instance_0020,simple_similar_multi_smaller,10,0.0000 +- 0.0000,0.0001 +- 0.0001
a,instance_0020,simple_similar_simple_bigger,10,0.2000 +- 0.0000,0.0001 +- 0.0001
a,instance_0020,simple_similar_simple_most_shared,10,0.2000 +- 0.0000,0.0001 +- 0.0001
a,instance_0020,simple_similar_simple_random,10,0.2400 +- 0.0843,0.0001 +- 0.0001
a,instance_0020,simple_similar_simple_smaller,10,0.3333 +- 0.0000,0.0003 +- 0.0004
a,instance_0020,simple_similar_weighted_exact_bigger,5,0.2000 +- 0.0000,0.0142 +- 0.0024
a,instance_0020,simple_similar_weighted_exact_most_shared,5,0.2000 +- 0.0000,0.0169 +- 0.0043
a,instance_0020,simple_similar_weighted_exact_random,5,0.2000 +- 0.0000,0.0149 +- 0.0053
a,instance_0020,simple_similar_weighted_exact_smaller,5,0.0000 +- 0.0000,0.0114 +- 0.0010
a,instance_0020,simple_similar_weighted_multi_bigger,10,0.2000 +- 0.0000,0.0002 +- 0.0001
a,instance_0020,simple_similar_weighted_multi_most_shared,10,0.2000 +- 0.0000,0.0001 +- 0.0000
a,instance_0020,simple_similar_weighted_multi_random,10,0.2400 +- 0.0843,0.0001 +- 0.0001
a,instance_0020,simple_similar_weighted_multi_smaller,10,0.0000 +- 0.0000,0.0001 +- 0.0001
a,instance_0020,simple_similar_weighted_simple_bigger,10,0.2000 +- 0.0000,0.0001 +- 0.0001
a,instance_0020,simple_similar_weighted_simple_most_shared,10,0.2000 +- 0.0000,0.0001 +- 0.0001
a,instance_0020,simple_similar_weighted_simple_random,10,0.2400 +- 0.0843,0.0001 +- 0.0001
a,instance_0020,simple_similar_weighted_simple_smaller,10,0.3333 +- 0.0000,0.0001 +- 0.0001
